#source	GTA_Clade	GTA_family	GTA_subfamily	SequenceID	Species	TaxID	Phylum	Kingdom	SequenceFullLength	DomainStart	DomainEnd	DomainSequence	FullSequence
uniprot	Clade9	GT8-GATL	GT8-GATL-1	tr|V7ASJ9|V7ASJ9_PHAVU	Phaseolus vulgaris	3885	Streptophyta	Viridiplantae	366	83	341	HVAMTLDTTYIRGSMAAILSVLQHSSCPQNIFFHFVCSSNASLLRAAISNSFPYLNFHLYTFDDSQVSGLISTSIRSALDCPLNYARSYLPNLLPLCVQRVVYLDSDLILVDDIAKLAETPLGDKAVLAAPEYCNANFTAYFTPTFWSNPSLSLTFADRKPCYFNTGVMVIDLERWREGDYTTKIEEWMELQKRMRIYDLGSLPPFLLVFAGNIASVDHRWNQHGLGGDNFRGLCRDLHPGPVSLLHWSGKGKPWVRLD	MKLKTRRPKSNQPPLLFFLILSLFSLPSPSSSSNEAKSTTTTITHQFKEAPEFYNSPDCASITDTLHNLNNADTYICSEEAVHVAMTLDTTYIRGSMAAILSVLQHSSCPQNIFFHFVCSSNASLLRAAISNSFPYLNFHLYTFDDSQVSGLISTSIRSALDCPLNYARSYLPNLLPLCVQRVVYLDSDLILVDDIAKLAETPLGDKAVLAAPEYCNANFTAYFTPTFWSNPSLSLTFADRKPCYFNTGVMVIDLERWREGDYTTKIEEWMELQKRMRIYDLGSLPPFLLVFAGNIASVDHRWNQHGLGGDNFRGLCRDLHPGPVSLLHWSGKGKPWVRLDANRPCPLDALWAPYDLLNTPFSLDS
uniprot	Clade9	GT8-GATL	GT8-GATL-1	tr|A0A072V2P1|A0A072V2P1_MEDTR	Medicago truncatula	3880	Streptophyta	Viridiplantae	281	1	256	MTLDTTYIRGSMAAILSILQHSSCPQNIFFHFVCSSNAFNLRAAIITSFPYLKFHLYTFDDTTVTGLISTSIRSALDCPLNYARSYLPSLLPLSVNRVVYLDSDLILVDDIAKLAETPLGENSVLAAPEYCNANFSSYFTPSFWSNPSLSLTFANRKPCYFNTGVMVIDLERWREGDYTAKIEDWMELQKRMRIYELGSLPPFLLVFAGNIAPVDHRWNQHGLGGDNFRGLCRNLHPGPVSLLHWSGKGKPWVRLD	MTLDTTYIRGSMAAILSILQHSSCPQNIFFHFVCSSNAFNLRAAIITSFPYLKFHLYTFDDTTVTGLISTSIRSALDCPLNYARSYLPSLLPLSVNRVVYLDSDLILVDDIAKLAETPLGENSVLAAPEYCNANFSSYFTPSFWSNPSLSLTFANRKPCYFNTGVMVIDLERWREGDYTAKIEDWMELQKRMRIYELGSLPPFLLVFAGNIAPVDHRWNQHGLGGDNFRGLCRNLHPGPVSLLHWSGKGKPWVRLDASRPCPLDALWAPYDLLQTPFSFDS
uniprot	Clade9	GT8-GATL	GT8-GATL-1	tr|G7KAV0|G7KAV0_MEDTR	Medicago truncatula	3880	Streptophyta	Viridiplantae	367	80	342	HVAMTLDIKYLRGSMAAILSVLQHSSCPENTIFHFITAASKTTSTVTLNTTLLNSFPYLKFQIYPFNTETISGLISTSIRSALDTPLNYARNYLSNLLPNCVHKIVYLDSDLILVDDIAKLAATNLTNEAVLAAPEYCNANFSYYFTPTFWSNPSLSLTFATRKACYFNTGVMVIDLARWRIGDYTTQMTEWMELQKRMRIYELGSLPPFLLVFAGKIVPVDHRWNQHGLGGDNFHGLCRDLHPGPVSLLHWSGKGKPWARLD	MVTLTSMVFTISHFNLLTLLFLFSTYQHVTCTTTQLFKQAPKFYNSPNCPSIHTSTWTTSSEQTTHTNTDDFICSDEAVHVAMTLDIKYLRGSMAAILSVLQHSSCPENTIFHFITAASKTTSTVTLNTTLLNSFPYLKFQIYPFNTETISGLISTSIRSALDTPLNYARNYLSNLLPNCVHKIVYLDSDLILVDDIAKLAATNLTNEAVLAAPEYCNANFSYYFTPTFWSNPSLSLTFATRKACYFNTGVMVIDLARWRIGDYTTQMTEWMELQKRMRIYELGSLPPFLLVFAGKIVPVDHRWNQHGLGGDNFHGLCRDLHPGPVSLLHWSGKGKPWARLDANRPCPLDALWAPYDLLETPFALET
uniprot	Clade9	GT8-GATL	GT8-GATL-1	tr|G7LFJ2|G7LFJ2_MEDTR	Medicago truncatula	3880	Streptophyta	Viridiplantae	345	60	320	HVAMTLDVSYIRGSMAAILSILQHTSCPENIVFHFITSASVSILNRTINNSFPYLKYQIYPFNDGPVAGLISTSIRSALDTPLNYARTYLADLLPLCITKIVYLDSDLILVDDIAILFATPLRSTTILAAPEYCNANFSNYFTPSFWSNPSLSLTFANRERKACYFNTGVMVIDLQRWRKGEYTTMIREWMELQKRMRIYELGSLPPFLLVFAGRITPVDHRWNQHGLGGDNFRGLCRDLHPGPVSLLHWSGKGKPWARLD	MRFTILILLCIFLLFSTQTLCTTTLEQDFKEAPKYYNSQTCKNIESSHHSNHTCSNSAVHVAMTLDVSYIRGSMAAILSILQHTSCPENIVFHFITSASVSILNRTINNSFPYLKYQIYPFNDGPVAGLISTSIRSALDTPLNYARTYLADLLPLCITKIVYLDSDLILVDDIAILFATPLRSTTILAAPEYCNANFSNYFTPSFWSNPSLSLTFANRERKACYFNTGVMVIDLQRWRKGEYTTMIREWMELQKRMRIYELGSLPPFLLVFAGRITPVDHRWNQHGLGGDNFRGLCRDLHPGPVSLLHWSGKGKPWARLDGNRACPLDALWAPYDLLKTRFALEV
uniprot	Clade9	GT8-GATL	GT8-GATL-1	tr|K4BCD9|K4BCD9_SOLLC	Solanum lycopersicum	4081	Streptophyta	Viridiplantae	360	58	321	NVAMTLDIAYLRGSMAAILSVLQHSSCPENIVFHFVSSSSAESTHLNLTITKSFPYLQFTIYPIQHVAAVAGLISTSIRSALDCPLNYARNYLADLLPQQLQKVVYLDSDLVLVDDIAELAATPLTGDSVLAAPEYCNANFTTYFTPTFWSNPSLSLTFANRNRRPCYFNTGVMVIDLERWRAGDYTTKIVEWMELQKRMRIYELGSLPPFLLVFAGNIAPVDHSWNQHGLGGDNFHGLCRDLHPGPVSLLHWSGKGKPWARLD	MPKLRGTPLWFFIFSLLSTLNGTDSAITDTDSNSSLHFKEAPQFYNSPSCSSINSSVNVAMTLDIAYLRGSMAAILSVLQHSSCPENIVFHFVSSSSAESTHLNLTITKSFPYLQFTIYPIQHVAAVAGLISTSIRSALDCPLNYARNYLADLLPQQLQKVVYLDSDLVLVDDIAELAATPLTGDSVLAAPEYCNANFTTYFTPTFWSNPSLSLTFANRNRRPCYFNTGVMVIDLERWRAGDYTTKIVEWMELQKRMRIYELGSLPPFLLVFAGNIAPVDHSWNQHGLGGDNFHGLCRDLHPGPVSLLHWSGKGKPWARLDANRPCPLDGLWSPYDLLCIRVDIESRDLCLVILFDCVMA
uniprot	Clade9	GT8-GATL	GT8-GATL-1	tr|K4BV65|K4BV65_SOLLC	Solanum lycopersicum	4081	Streptophyta	Viridiplantae	343	58	318	HAAMTLDSAYIRGSMAAILSILQHSSCPQNIIFHFVASASADASHLRATILASFPYLKFEVYRFDDSSVSGLISTSIRSALDCPLNYARSYLANILPLCVRKVVYLDSDLVLVDDIAKLSETPLGEDHILAAPEYCNANFTSYFTPTFWSNPSLSLTFADRKACYFNTGVMVIDLDRWRNGDYTRKIEEWMELQKRMRIYELGSLPPFLLVFAGNIAPVDHKWNQHGLGGDNFRGLCRDLHPGPVSLLHWSGKGKPWARLD	MKPQRQLPLLFIFFFITTTAAAAAPPQQFREAPEFYNSAECPSIENTHELICSDEAVHAAMTLDSAYIRGSMAAILSILQHSSCPQNIIFHFVASASADASHLRATILASFPYLKFEVYRFDDSSVSGLISTSIRSALDCPLNYARSYLANILPLCVRKVVYLDSDLVLVDDIAKLSETPLGEDHILAAPEYCNANFTSYFTPTFWSNPSLSLTFADRKACYFNTGVMVIDLDRWRNGDYTRKIEEWMELQKRMRIYELGSLPPFLLVFAGNIAPVDHKWNQHGLGGDNFRGLCRDLHPGPVSLLHWSGKGKPWARLDANRPCPLDALWAPYDLLKPPFSFDS
uniprot	Clade9	GT8-GATL	GT8-GATL-1	tr|A9PDQ7|A9PDQ7_POPTR	Populus trichocarpa	3694	Streptophyta	Viridiplantae	362	77	337	HVAMTLDAAYIRGSMAAILSVLQHTSCPQNIAFHFVASASANASLLRATISSSFPYLKFRAYTFDDSSVSGLISTSIRSALDCPLNYARSYLANILPLCVRRVVYLDSDLVLVDDIAKLAATPLGEKSVLAAPEYCNANFTSYFTPTFWSNPSLSLTFADRRPCYFNTGVMVIDLDRWREGDYTTKIEEWMELQKRMRIYELGSLPPFLLVFAGDIVPVDHKWNQHGLGGDNFRGLCRDLHPGPVSLLHWSGKGKPWARLD	MLMPRLIRKLTLLFTLLFLFLSLTTNAAATTTITQQFKEAPQFYNSPECPSIDQDEIDSEAEPDGDNTIFCSEHAVHVAMTLDAAYIRGSMAAILSVLQHTSCPQNIAFHFVASASANASLLRATISSSFPYLKFRAYTFDDSSVSGLISTSIRSALDCPLNYARSYLANILPLCVRRVVYLDSDLVLVDDIAKLAATPLGEKSVLAAPEYCNANFTSYFTPTFWSNPSLSLTFADRRPCYFNTGVMVIDLDRWREGDYTTKIEEWMELQKRMRIYELGSLPPFLLVFAGDIVPVDHKWNQHGLGGDNFRGLCRDLHPGPVSLLHWSGKGKPWARLDANRPCPLDALWAPYDLLQTPFALDS
uniprot	Clade9	GT8-GATL	GT8-GATL-1	tr|B9GP23|B9GP23_POPTR	Populus trichocarpa	3694	Streptophyta	Viridiplantae	353	68	328	HVAMTLDTAYIRGSMAAILSVLQHTSCPQNIAFHFVASASANTSLLRATISSSFPYLNFRVYTFDDSSVSRLISTSIRSALDCPLNYARSYLANIIPLCVRRVVYLDSDLVLVDDIAKLAATPLGEQSVLAAPEYCNANFTSYFTPTFWSNPSLSLTFADRKPCYFNTGVMVIDLDRWREGDYTTKIEEWMELQKRIRIYELGSLPPFMLVFAGDIVPVDHRWNQHGLGGDNFKGLCRDLHPGPASLLHWSGKGKPWARLD	MLMPRLIHKLTLLFLFLSLTTATITQQFKEAPQFYNSPDCHSIDQDGIDSDSESDGDKTIFCSEHAVHVAMTLDTAYIRGSMAAILSVLQHTSCPQNIAFHFVASASANTSLLRATISSSFPYLNFRVYTFDDSSVSRLISTSIRSALDCPLNYARSYLANIIPLCVRRVVYLDSDLVLVDDIAKLAATPLGEQSVLAAPEYCNANFTSYFTPTFWSNPSLSLTFADRKPCYFNTGVMVIDLDRWREGDYTTKIEEWMELQKRIRIYELGSLPPFMLVFAGDIVPVDHRWNQHGLGGDNFKGLCRDLHPGPASLLHWSGKGKPWARLDANRPCPLDALWAPYDLLQTPFALDC
uniprot	Clade9	GT8-GATL	GT8-GATL-1	tr|B9R7P3|B9R7P3_RICCO	Ricinus communis	3988	Streptophyta	Viridiplantae	356	71	331	HVAMTLDTAYIRGSMAAILSVLQHSSCPQNTAFHFVASASANATLLRATISSSFPYLKFKVYTFDDSSVSRLISTSIRSALDCPLNYARSYLAGILPLCVRRVVYLDSDLILVDDIAKLAATPLGPNSVLAAPEYCNANFTSYFTPTFWSNPSLSLTFADRKACYFNTGVMVIDLDRWREGDYTTKIEEWMELQKRMRIYELGSLPPFLLVFAGNIVPVDHRWNQHGLGGDNFRGLCRDLHPGPVSLLHWSGKGKPWARLD	MRTLSNLTYLILFLSLITNVSAAATTAATIITQQFKEAPQFYNSPDCPSLDHEYEQESELDGDMCSDQSVHVAMTLDTAYIRGSMAAILSVLQHSSCPQNTAFHFVASASANATLLRATISSSFPYLKFKVYTFDDSSVSRLISTSIRSALDCPLNYARSYLAGILPLCVRRVVYLDSDLILVDDIAKLAATPLGPNSVLAAPEYCNANFTSYFTPTFWSNPSLSLTFADRKACYFNTGVMVIDLDRWREGDYTTKIEEWMELQKRMRIYELGSLPPFLLVFAGNIVPVDHRWNQHGLGGDNFRGLCRDLHPGPVSLLHWSGKGKPWARLDANRPCPLDALWAPYDLLHTPFALDS
uniprot	Clade9	GT8-GATL	GT8-GATL-1	tr|B9T4V3|B9T4V3_RICCO	Ricinus communis	3988	Streptophyta	Viridiplantae	375	92	350	HVAMTLDFPYLRGTMAAILSIIQHSSCPENLRFHFISSPSSISLHSTITSSFPYLRSQIYTFHTSPVSGLISTSIRAALDSPLNYARNYLANLLPGCIQKVIYLDSDIILVDDISVLAATPLGEDAVLAAPEYCNANFTSYFTPTFWSNPSLSLIFAGRNACYFNTGVMVIDLERWRQGDYTRKIIEWMELQKRMRIYELGSLPPFLLVFAGNIAPVDHRWNQHGLGGDNFRGLCRDLHPGPVSLLHWSGKGKPWARLD	MPTLKLKLLPPQPPPPPPPTTKLPPPHHHHHHLLSILLLLSITTANAIIIPTTSITITTKINQKFKEAPQFYNSPTCPSLSSNDICSQEAVHVAMTLDFPYLRGTMAAILSIIQHSSCPENLRFHFISSPSSISLHSTITSSFPYLRSQIYTFHTSPVSGLISTSIRAALDSPLNYARNYLANLLPGCIQKVIYLDSDIILVDDISVLAATPLGEDAVLAAPEYCNANFTSYFTPTFWSNPSLSLIFAGRNACYFNTGVMVIDLERWRQGDYTRKIIEWMELQKRMRIYELGSLPPFLLVFAGNIAPVDHRWNQHGLGGDNFRGLCRDLHPGPVSLLHWSGKGKPWARLDDNRPCPLDALWAPYDLLQTPFAIES
uniprot	Clade9	GT8-GATL	GT8-GATL-1	tr|A0A0D2X4H3|A0A0D2X4H3_CAPO3	Capsaspora owczarzaki (strain ATCC 30864)	595528	Ichthyosporea	Protista	482	79	343	NIMTAADETTLVGVPALIRSVLGNTNESSRIHFYIAVDSQISAIRLTRWLEGGFQEGEAPAYSIAVMQAEWVEGRFLLRGSTARDDLAAPTNFARYFVLDLFPEMKGRVVYLDADVIVTGNIIDLHNHRIEGRHLAAFFKDCRASFLNFENKRIQAMQLLPKHCGLNAGVYVADLERWNALNVTAQLMFWLELNTREHLFQGEEIGGGSQGPMQIVFNNRRTNLDPAWNIPHLGFARGRRFVRDLEMNVTTGNLFHWAGPAKPWL	MLQLLRLTARRRRAALMGAAAVVVLLLVLHTVSKSTMTAGAGGLGGVMNGRYRDNGAFHGEDPTDDTEDLRVPADGLVNIMTAADETTLVGVPALIRSVLGNTNESSRIHFYIAVDSQISAIRLTRWLEGGFQEGEAPAYSIAVMQAEWVEGRFLLRGSTARDDLAAPTNFARYFVLDLFPEMKGRVVYLDADVIVTGNIIDLHNHRIEGRHLAAFFKDCRASFLNFENKRIQAMQLLPKHCGLNAGVYVADLERWNALNVTAQLMFWLELNTREHLFQGEEIGGGSQGPMQIVFNNRRTNLDPAWNIPHLGFARGRRFVRDLEMNVTTGNLFHWAGPAKPWLTTPGALLPNLWAANCVPEPELTDADCPADTAAAIDDKDPDQSASNEREFTKKQCSGMRNARAANLAAKIAVDCDFPVPAAPARRPPARNTRAPAARPGATRNTRAPRPAGATQAARPARNAHAQIREAPRARRPSPNHP
uniprot	Clade9	GT8-GATL	GT8-GATL-1	tr|I1J8Z3|I1J8Z3_SOYBN	Glycine max	3847	Streptophyta	Viridiplantae	351	65	326	HVAMTLDVTYLRGSMAAILSVLQHSSCPENIIFHFVTAASSSLLNRTLSTSFPYLKFQIYPFDDAAAVSGLISTSIRSALDCPLNYARNYLANLLPSCVLKIVYLDSDLVLVDDIAKLAATPLGDNNNTVLAAPEYCNANFSAYFTPSFWSNPSLSLTFAGRTPCYFNTGVMVIHLQRWRAGDYTTKIQEWMELQKRMRIYELGSLPPFLLVFAGNIVPVDHRWNQHGLGGDNFRGLCRDLHPGPVSLLHWSGKGKPWARLD	MATSAAPKPNQYYFFTLILHFCLLLIISTSTTQQRFKQAPKFYNSPSCPTIRLSPTDTCSDEAVHVAMTLDVTYLRGSMAAILSVLQHSSCPENIIFHFVTAASSSLLNRTLSTSFPYLKFQIYPFDDAAAVSGLISTSIRSALDCPLNYARNYLANLLPSCVLKIVYLDSDLVLVDDIAKLAATPLGDNNNTVLAAPEYCNANFSAYFTPSFWSNPSLSLTFAGRTPCYFNTGVMVIHLQRWRAGDYTTKIQEWMELQKRMRIYELGSLPPFLLVFAGNIVPVDHRWNQHGLGGDNFRGLCRDLHPGPVSLLHWSGKGKPWARLDANRPCPLDALWAPYDLLLTPFALEA
uniprot	Clade9	GT8-GATL	GT8-GATL-1	tr|I1JTE2|I1JTE2_SOYBN	Glycine max	3847	Streptophyta	Viridiplantae	353	70	328	HVAMTLDTTYIRGSMAAILSVIQHSSCPQNTFFHFVCSSSASLLRAAISHSFPYLNFHLYTFDDSQVSGLISTSIRSALDCPLNYARSYLPSLLPLCVRRVVYLDSDLILVDDIAKLAATPLGENTVLAAPEYCNANFTSYFTPTFWSNPSLSLTFADRRPCYFNTGVMVIDLERWREGDYTTKIQEWMELQKRMRIYDLGSLPPFLLVFAGNIASVDHRWNQHGLGGDNFRGLCRDLHPGPVSLLHWSGKGKPWVRLD	MKFKSRRLEAEAGALVLFFLILSSSSSSNYAKPSTIIHQFKEAPEFYNSPECASLTHSSDSYICSEEAVHVAMTLDTTYIRGSMAAILSVIQHSSCPQNTFFHFVCSSSASLLRAAISHSFPYLNFHLYTFDDSQVSGLISTSIRSALDCPLNYARSYLPSLLPLCVRRVVYLDSDLILVDDIAKLAATPLGENTVLAAPEYCNANFTSYFTPTFWSNPSLSLTFADRRPCYFNTGVMVIDLERWREGDYTTKIQEWMELQKRMRIYDLGSLPPFLLVFAGNIASVDHRWNQHGLGGDNFRGLCRDLHPGPVSLLHWSGKGKPWVRLDANRPCPLDALWAPYDLLNTPFSLDS
uniprot	Clade9	GT8-GATL	GT8-GATL-1	tr|F6H036|F6H036_VITVI	Vitis vinifera	29760	Streptophyta	Viridiplantae	364	79	339	HVAMTLDTAYIRGSVAAILSVLQHSSCPQNVVFHFVASASSNASLLRATISTTFPYLRFQVYSFDDSAVAGLISTSIRSALDCPLNYARSYLANILPFCVRRVVYLDSDLVLVDDIGKLAATPLGDSSVLAAPEYCNANFTTYFTPTFWSNPSLSLTFANRKACYFNTGVMVIDLDRWRAGDYTSKIEDWMELQKRMRIYELGSLPPFLLVFAGNIVAVDHRWNQHGLGGDNFRGLCRDLHPGPVSLLHWSGKGKPWARLD	MRTPPLLTLFFFFLVIYLFSLSFTAANATTLLSQHFREAPQFYNSPDCPSLIEEDNEDDDDASEEDSNGGYICSDLAVHVAMTLDTAYIRGSVAAILSVLQHSSCPQNVVFHFVASASSNASLLRATISTTFPYLRFQVYSFDDSAVAGLISTSIRSALDCPLNYARSYLANILPFCVRRVVYLDSDLVLVDDIGKLAATPLGDSSVLAAPEYCNANFTTYFTPTFWSNPSLSLTFANRKACYFNTGVMVIDLDRWRAGDYTSKIEDWMELQKRMRIYELGSLPPFLLVFAGNIVAVDHRWNQHGLGGDNFRGLCRDLHPGPVSLLHWSGKGKPWARLDANRPCPLDALWSPYDLLQTPFSLDS
uniprot	Clade9	GT8-GATL	GT8-GATL-1	tr|M1AMS9|M1AMS9_SOLTU	Solanum tuberosum	4113	Streptophyta	Viridiplantae	345	57	320	NVAMTLDIAYLRGSMAAILSVLQHSSCPENIVFHFVASSSAESTHLNLTITKSFPYLHFTIYPIQDVAAVAGLISTSIRSALDCPLNYARNYLADLLPQHLQNVVYLDSDLVLVDDIAELAATPLTGDSVLAAPEYCNANFTTYFTPTFWSNPSLSLTFANRNRRPCYFNTGVMVIDLEKWRAGDYTTKIVEWMELQKRMRIYELGSLPPFLLVFAGNIAPVDHSWNQHGLGGDNFHGLCRDLHPGPVSLLHWSGKGKPWARLD	MPKLRRRSGGSTLLLFIFSLSTLNVSTTTTTGTNLHFKEAPQFYNSPSCSSINYSVNVAMTLDIAYLRGSMAAILSVLQHSSCPENIVFHFVASSSAESTHLNLTITKSFPYLHFTIYPIQDVAAVAGLISTSIRSALDCPLNYARNYLADLLPQHLQNVVYLDSDLVLVDDIAELAATPLTGDSVLAAPEYCNANFTTYFTPTFWSNPSLSLTFANRNRRPCYFNTGVMVIDLEKWRAGDYTTKIVEWMELQKRMRIYELGSLPPFLLVFAGNIAPVDHSWNQHGLGGDNFHGLCRDLHPGPVSLLHWSGKGKPWARLDANRPCPLDGLWSPYDLLQTPYTIES
uniprot	Clade9	GT8-GATL	GT8-GATL-1	tr|M1BEP5|M1BEP5_SOLTU	Solanum tuberosum	4113	Streptophyta	Viridiplantae	351	66	326	HAAMTLDSAYIRGSMAAILSILQHSSCPQNIIFHFVASASADASHLRATILASFPYLKFEVYRFDDSSVSGLISTSIRSALDCPLNYARSYLANILPLCVRKVVYLDSDLVLVDDIAKLSATPLGENQILAAPEYCNANFTSYFTPTFWSNPSLSLTFADRKACYFNTGVMVIDLDRWRNGDYTRKIEEWMELQKRMRIYELGSLPPFLLVFAGDIAPVDHKWNQHGLGGDNFRGLCRDLHPGPVSLLHWSGKGKPWARLD	MKPQRQLPLLFIFISFFITTTAAASIRNAAAAPPQQFREAPEFYNSAECPSIENTHELICSEETVHAAMTLDSAYIRGSMAAILSILQHSSCPQNIIFHFVASASADASHLRATILASFPYLKFEVYRFDDSSVSGLISTSIRSALDCPLNYARSYLANILPLCVRKVVYLDSDLVLVDDIAKLSATPLGENQILAAPEYCNANFTSYFTPTFWSNPSLSLTFADRKACYFNTGVMVIDLDRWRNGDYTRKIEEWMELQKRMRIYELGSLPPFLLVFAGDIAPVDHKWNQHGLGGDNFRGLCRDLHPGPVSLLHWSGKGKPWARLDANRPCPLDALWAPYDLLKLPFSFDS
uniprot	Clade9	GT8-GATL	GT8-GATL-1	tr|A0A061DMM6|A0A061DMM6_THECC	Theobroma cacao	3641	Streptophyta	Viridiplantae	415	72	332	HVAMTLDAAYLRGSMAAILSVLQHSSCPQNILFHFIASSTANHHHLRHKISHSFPSLKFQIYPYASSAVSGLISTSIRSALDCPLNYARNYLANILPPCLRRVVYLDSDLVLVDDIAKLAATPLGDNSVLAAPEYCNANFTSYFTPTFWSNPTLSLTFAGRKACYFNTGVMVIDMQRWREGDYTTKIIEWMELQKRMRIYELGSLPPFLLVFAGNIAPVDHRWNQHGLGGDNYRGLCRDLHPGPVSLLHWSGKGKPWVRLD	MSKLALFPPHHLHRHHLLLVLLLFFLLASATNAAATTAYHRFKEAPQFYNSPSCRSLGSSGASDMCSDEGVHVAMTLDAAYLRGSMAAILSVLQHSSCPQNILFHFIASSTANHHHLRHKISHSFPSLKFQIYPYASSAVSGLISTSIRSALDCPLNYARNYLANILPPCLRRVVYLDSDLVLVDDIAKLAATPLGDNSVLAAPEYCNANFTSYFTPTFWSNPTLSLTFAGRKACYFNTGVMVIDMQRWREGDYTTKIIEWMELQKRMRIYELGSLPPFLLVFAGNIAPVDHRWNQHGLGGDNYRGLCRDLHPGPVSLLHWSGKGKPWVRLDANRPCPLDALWAPYDLLQAPFALDWRLCSRLIPIALFLFLSIILFRRRVSYLPNQESDFGASSHGSYRLVALETWFVLPCEKE
uniprot	Clade9	GT8-GATL	GT8-GATL-1	tr|A0A061FBJ7|A0A061FBJ7_THECC	Theobroma cacao	3641	Streptophyta	Viridiplantae	353	68	328	HVAMTLDKAYIRGSMAAILSVLQHSSCPQNIAFHFVASATANASLLRATISSSFPYLNFQVYPFDDSSVSRLISTSIRSALDCPLNYARSYLANLLPLCVRRVVYLDSDLVLVDDIAKLAATPLGDNSVLAAPEYCNANFTSYFTLTFWSNPSLSLTFANRKACYFNTGVMVIDLDRWRDGDYTTKIEEWMELQKRMRIYELGSLPPFLLVFAGNIVPVNHRWNQHGLGGDNFRGLCRDLHPGPVSLLHWSGKGKPWARLD	MPRSPALFHFLLLSLFAVFFLANATAVSTMAQQFKEAPQFYNSLDCPVIVDEDEEGEGSILCSDQAVHVAMTLDKAYIRGSMAAILSVLQHSSCPQNIAFHFVASATANASLLRATISSSFPYLNFQVYPFDDSSVSRLISTSIRSALDCPLNYARSYLANLLPLCVRRVVYLDSDLVLVDDIAKLAATPLGDNSVLAAPEYCNANFTSYFTLTFWSNPSLSLTFANRKACYFNTGVMVIDLDRWRDGDYTTKIEEWMELQKRMRIYELGSLPPFLLVFAGNIVPVNHRWNQHGLGGDNFRGLCRDLHPGPVSLLHWSGKGKPWARLDANRPCPLDALWAPYDLLQTPFALDS
uniprot	Clade9	GT8-GATL	GT8-GATL-1	tr|A0A067KJ10|A0A067KJ10_JATCU	Jatropha curcas	180498	Streptophyta	Viridiplantae	356	73	331	HVAMTLDLHYLRGTMAAILSILQHSSCPENLRFHFISSPSATSLHTTITSSFPYLHSQIYTFDTSAVAGHISTSIRSALDSPLNYARNYLADLLPACIQRVIYLDSDIILVDDISILAATPLGDEAVLAAPEYCNANFTSYFTLTFWSNPSLSLTFSERNACYFNTGVMVIDLQRWREGDYTTKIIEWMELQKRIRIYELGSLPPFLLVFAGNIAPVDHMWNQHGLGGDNYHGLCRELHPGPVSLLHWSGKGKPWVRLD	MPIPAPPPRPPHSHHLLSLLFFFCITTANAAAVAATTTATDNSQKFKEAPKFYNSPTCCSLYSDDMCSNQAVHVAMTLDLHYLRGTMAAILSILQHSSCPENLRFHFISSPSATSLHTTITSSFPYLHSQIYTFDTSAVAGHISTSIRSALDSPLNYARNYLADLLPACIQRVIYLDSDIILVDDISILAATPLGDEAVLAAPEYCNANFTSYFTLTFWSNPSLSLTFSERNACYFNTGVMVIDLQRWREGDYTTKIIEWMELQKRIRIYELGSLPPFLLVFAGNIAPVDHMWNQHGLGGDNYHGLCRELHPGPVSLLHWSGKGKPWVRLDSNRPCPLDSLWAPYDLLQTRFDLES
uniprot	Clade9	GT8-GATL	GT8-GATL-1	tr|A0A067L2X7|A0A067L2X7_JATCU	Jatropha curcas	180498	Streptophyta	Viridiplantae	365	80	340	HVAMTLDTAYIRGSMAAILSVLQHSSCPQNIAFHFVASASANASLLRSTISSSFPYLKFQVYTFDDSSVSRLISTSIRSALDCPLNYARSYLANILPLCVRRVVYLDSDLVLVDDIAKLAATPLGEKSVLAAPEYCNANFTSYFTPTFWSNPSLSLTFADRKACYFNTGVMVIDLDRWRAGDYTTKIEEWMELQKRMRIYELGSLPPFLLVFAGDIVPVDHRWNQHGLGGDNFRGLCRDLHPGPVSLLHWSGKGKPWARLD	MLRLSILLLFTFLFLAANAATATAPVPGAAAAPTITTMTQQFKEAPQFYNSLDCGSVDQDDPDSESDGDSLIFCSDQGVHVAMTLDTAYIRGSMAAILSVLQHSSCPQNIAFHFVASASANASLLRSTISSSFPYLKFQVYTFDDSSVSRLISTSIRSALDCPLNYARSYLANILPLCVRRVVYLDSDLVLVDDIAKLAATPLGEKSVLAAPEYCNANFTSYFTPTFWSNPSLSLTFADRKACYFNTGVMVIDLDRWRAGDYTTKIEEWMELQKRMRIYELGSLPPFLLVFAGDIVPVDHRWNQHGLGGDNFRGLCRDLHPGPVSLLHWSGKGKPWARLDANRPCPLDALWAPYDLLQTPFALDS
uniprot	Clade9	GT8-GATL	GT8-GATL-1	tr|A0A0L0FFA6|A0A0L0FFA6_9EUKA	Sphaeroforma arctica JP610	667725	Ichthyosporea	Protista	1041	90	278	MYKVYTAQNKVGNLASALNYARFYLADLLPGSVRRVIYLDVDIVVQGNLFELEQFTSNAFQEDDEMVIMAAPRQPSGMSKACHTVYREHTGKDFDERHMVQYNAGVFVVDLQRWKEFEMTKDAEFWMAATKKTKLWDYGSQPVMWMTSMGHTGKMDKKWNVDGLGWAKISQNIIITAGVLHWSGKSKPW	MYPPPTPGRTPKFKLKFSFNLKLNLNGNCPYTHFPFVLSHPLCAQVDEITSLLRCHGLDAVADTSADAHEDDSEHWITVVGFNTDIVQDMYKVYTAQNKVGNLASALNYARFYLADLLPGSVRRVIYLDVDIVVQGNLFELEQFTSNAFQEDDEMVIMAAPRQPSGMSKACHTVYREHTGKDFDERHMVQYNAGVFVVDLQRWKEFEMTKDAEFWMAATKKTKLWDYGSQPVMWMTSMGHTGKMDKKWNVDGLGWAKISQNIIITAGVLHWSGKSKPWQKGNRYRQHWLPYRPTNVCVNDVLPADHPLRNGYRGKPPAKEAVPDLGVPAVANALGDEENAEHDSKQQEEDDELMKELRNEQVAQNEVIENVGANQNAGNDAVANENAENEKRVANENARDLLEEQREQERAQDAVGVDVDLEGNQRQGQEGQGDNNPRDVVPQGEDEEDIEEARDQEGHEMGGLAGDAEAENAGDDEEDNEEDNMVANAGDDDEDIEEKNMVANAGDDEEDIEEADGEALDDDALKEAIANGVLYKNLIGNAKGVDLDIEEVDEEEIEDIPEEIEDIPEEEDEDDIEIAPGDEFGEEIGNGEGAAKLGHGDNVKAAEAIRQLQALAAQQQDVMEDAVDKAVKDFEKTNPNADQNIKPKTDPDIDSDANVKADFAFDAKAGANGDAEAADEGDEGIEEIGAENGNKINIDDDDNGIVFEMKNENEVEIPDGDDEDLDGELPADERRRRKVARSATKRTNNIQPPTVSAKNQRDIPERGVDHNGAFRPDMLLDEDAIDAEIMRNLNPRHAPVAMPKGLSVPSIGQLGQSAEDITDSAKDYEAAMRNRAEAMIRALTLIERLNAENALYDPEVLNSDERRGMNMEYEAFAWGRERVREVDEDVTEGDEGGTGDSAEEQAVVESVDNEPGSDAEVFTDESQEYGGVWYSEEEEKVVWREKGRRNMEQLRAGTFEGYYVNGGFGDGRASELSEGDVPFDLEWEEREDVRREVEAQTRLEEQKELERERWRLMRESARKDSKVQSGVGKKLVVDAVL
uniprot	Clade9	GT8-GATL	GT8-GATL-1	tr|A0A151TI44|A0A151TI44_CAJCA	Cajanus cajan	3821	Streptophyta	Viridiplantae	286	1	261	MTLDTTYLRGSMAAILSVLQHSSCPENIIFHFVTAASSSAAAPLNRTLSTSFPYLKFQIYPFRDGAVAGLISTSIRSALDCPLNYARNYMPDLLPSCLRKVVYLDSDLVLVDDIAKLAATPLGDDPNTVLAAPEYCNANFSAYFTPSFWSNPSLSLTFAGRKPCYFNTGVMVIDLQRWRAGDYTAKIQDWMELQKRMRIYELGSLPPFLLVFAGNIAPVDHRWNQHGLGGDNFRGLCRDLHPGPVSLLHWSGKGKPWARLD	MTLDTTYLRGSMAAILSVLQHSSCPENIIFHFVTAASSSAAAPLNRTLSTSFPYLKFQIYPFRDGAVAGLISTSIRSALDCPLNYARNYMPDLLPSCLRKVVYLDSDLVLVDDIAKLAATPLGDDPNTVLAAPEYCNANFSAYFTPSFWSNPSLSLTFAGRKPCYFNTGVMVIDLQRWRAGDYTAKIQDWMELQKRMRIYELGSLPPFLLVFAGNIAPVDHRWNQHGLGGDNFRGLCRDLHPGPVSLLHWSGKGKPWARLDANRPCPLDALWAPYDLLQTPYALEA
uniprot	Clade9	GT8-GATL	GT8-GATL-1	tr|A0A162AEN0|A0A162AEN0_DAUCA	Daucus carota subsp. sativus	79200	Streptophyta	Viridiplantae	375	90	350	HVAMTLDAMYIRGSMAAILSVLQHSSCPQNTIFHFVASISANASLLRATIATSFPYLKFRVYHFDDTVMAGLISTSIRSALDCPLNYARSYLSNILPLCVHKIVYLDSDLILVDDISKLSETPLGPDSVLAAPEYCNANFTSYFTPTFWSNPSLSLTFANRKACYFNTGVMVIDLDRWRLGDYTTKIEEWMELQKRMRIYELGSLPPFLLVFAGNIAPVDHKWNQHGLGGDNFRGLCRNLHPGRVSLLHWSGKGKPWVRLD	MLSQFPLSLSLCIPFFILLSFSTLTHSANSATQASKTLLHRFKEAPKFYNSANCPSTTLITNPNEDHYRDHDHHHYHDESENICYDNAVHVAMTLDAMYIRGSMAAILSVLQHSSCPQNTIFHFVASISANASLLRATIATSFPYLKFRVYHFDDTVMAGLISTSIRSALDCPLNYARSYLSNILPLCVHKIVYLDSDLILVDDISKLSETPLGPDSVLAAPEYCNANFTSYFTPTFWSNPSLSLTFANRKACYFNTGVMVIDLDRWRLGDYTTKIEEWMELQKRMRIYELGSLPPFLLVFAGNIAPVDHKWNQHGLGGDNFRGLCRNLHPGRVSLLHWSGKGKPWVRLDANRPCPLDALWAPYDLLKPPFSFDS
uniprot	Clade9	GT8-GATL	GT8-GATL-1	tr|A0A165ZCS4|A0A165ZCS4_DAUCA	Daucus carota subsp. sativus	79200	Streptophyta	Viridiplantae	358	73	333	HVAMTLDAMYIRGSMAAILSVLQHSSCPQNVIFHFVTSISSNATLLCATIANSFPYLKFRVYNFDDDAVARLISTSIRSALDCPLNYARSYLPNILPNCVRKIVYLDSDLILVDDIAKLSETPLGEDSVLAAPEYCNANFTSYFTPTFWSNPSLSLTFANRKACYFNTGVMVIDLDRWRLGDYTTKIEEWMELQKRMRIYELGSLPPFLLVFAGNIAAVDHKWNQHGLGGDNFRGLCRNLHPGRVSLLHWSGKGKPWVRLD	MPNPNLHIFLYISFFILKLSTIFATQTTTNILHQFKEAPKFYNSASCPSTTLINNSNDAHDIDDNICYENAIHVAMTLDAMYIRGSMAAILSVLQHSSCPQNVIFHFVTSISSNATLLCATIANSFPYLKFRVYNFDDDAVARLISTSIRSALDCPLNYARSYLPNILPNCVRKIVYLDSDLILVDDIAKLSETPLGEDSVLAAPEYCNANFTSYFTPTFWSNPSLSLTFANRKACYFNTGVMVIDLDRWRLGDYTTKIEEWMELQKRMRIYELGSLPPFLLVFAGNIAAVDHKWNQHGLGGDNFRGLCRNLHPGRVSLLHWSGKGKPWVRLDANRPCPLDALWAPYDLLKPPFSFDS
uniprot	Clade9	GT8-GATL	GT8-GATL-1	tr|A0A1S3Y1V3|A0A1S3Y1V3_TOBAC	Nicotiana tabacum	4097	Streptophyta	Viridiplantae	346	58	321	HVAMTLDIAYLRGSMAAILSVLQHSSCPENIIFHFVASSSAETTHLNLTIAKSFPYLHFTIYPIQDIAAVAGLISTSIRSALDCPLNYARNYLADLLPQYLHKVVYLDSDLVLVDDIAKLAATPLTEDSVLAAPEYCNANFTTYFTPTFWSNPSLSLTFANRNRKPCYFNTGVMVIDLDRWKAGDYTTKIVEWMELQKRMRIYELGSLPPFLLVFAGNIAPVDHRWNQHGLGGDNFRGLCRDLHPGPVSLLHWSGKGKPWVRLD	MPKLGSSSGSILVSLLLIFFSLLTQNVATNSNLSFKEAPKFYNSPSCSAINFSENAVHVAMTLDIAYLRGSMAAILSVLQHSSCPENIIFHFVASSSAETTHLNLTIAKSFPYLHFTIYPIQDIAAVAGLISTSIRSALDCPLNYARNYLADLLPQYLHKVVYLDSDLVLVDDIAKLAATPLTEDSVLAAPEYCNANFTTYFTPTFWSNPSLSLTFANRNRKPCYFNTGVMVIDLDRWKAGDYTTKIVEWMELQKRMRIYELGSLPPFLLVFAGNIAPVDHRWNQHGLGGDNFRGLCRDLHPGPVSLLHWSGKGKPWVRLDSNRPCPLDALWAPYDLLQTSYTLES
uniprot	Clade9	GT8-GATL	GT8-GATL-1	tr|A0A1S4AGK3|A0A1S4AGK3_TOBAC	Nicotiana tabacum	4097	Streptophyta	Viridiplantae	369	84	344	NVAMTLDAAYLRGSMAAILSVLQHSSCPENVIFHFVASSSADTNYLNITIANSFPYLHFTIYPFQDSGVAGLISTSIRAALDCPLNYARNYLPDLLPGCIQKVVYLDSDLVLVDDIAKLAATPLGEEAVLAAPEYCNANFTTYFTPTFWSNPSLSLTFANRKPCYFNTGVMVIDLKRWRAGDYTTKIVEWMELQKRMRIYELGSLPPFLLVFAGNIAPVDHNWNQHGLGGDNFRGLCRNLHPGPVSLLHWSGKGKPWVRLD	MCLCSCSIMPKHGSFKIKAFISLLWTISFAAHSAGAINTKNFHFKEAPKFYNSPTCPSLHYSTDTNTTAVNSTSNGFCFENAVNVAMTLDAAYLRGSMAAILSVLQHSSCPENVIFHFVASSSADTNYLNITIANSFPYLHFTIYPFQDSGVAGLISTSIRAALDCPLNYARNYLPDLLPGCIQKVVYLDSDLVLVDDIAKLAATPLGEEAVLAAPEYCNANFTTYFTPTFWSNPSLSLTFANRKPCYFNTGVMVIDLKRWRAGDYTTKIVEWMELQKRMRIYELGSLPPFLLVFAGNIAPVDHNWNQHGLGGDNFRGLCRNLHPGPVSLLHWSGKGKPWVRLDASRPCPLDTLWAPYDLLQTPYALES
uniprot	Clade9	GT8-GATL	GT8-GATL-1	tr|A0A1S4C6F6|A0A1S4C6F6_TOBAC	Nicotiana tabacum	4097	Streptophyta	Viridiplantae	370	85	345	NVAMTLDAAYLRGSMAAILSVLQHSSCPENVIFHFVASSSADTNYLNITIANSFPYLHFTIYPFQDSGVAGLISTSIRAALDCPLNYARNYLADLLPGCIQKVVYLDSDLVLVDDIAKLAATPLGEEAVLAAPEYCNANFTTYFTPTFWSNPSLSLTFANRKPCYFNTGVMVIDLERWRAGDYTTKIVEWMELQKRMRIYELGSLPPFLLVFAGNIAPVDHKWNQHGLGGDNFRGLCRNLHPGPVSLLHWSGKGKPWVRLD	MCLCSFSIMPKLGSFKIKAFISLLWTISFDAPSAGAINTKNLHFKEAPKFYNSPTCPSLHFSSTDTNNATINSTSNGICFENAVNVAMTLDAAYLRGSMAAILSVLQHSSCPENVIFHFVASSSADTNYLNITIANSFPYLHFTIYPFQDSGVAGLISTSIRAALDCPLNYARNYLADLLPGCIQKVVYLDSDLVLVDDIAKLAATPLGEEAVLAAPEYCNANFTTYFTPTFWSNPSLSLTFANRKPCYFNTGVMVIDLERWRAGDYTTKIVEWMELQKRMRIYELGSLPPFLLVFAGNIAPVDHKWNQHGLGGDNFRGLCRNLHPGPVSLLHWSGKGKPWVRLDASRPCPLDTLWAPYDLLQTPYALES
uniprot	Clade9	GT8-GATL	GT8-GATL-1	tr|A0A1S4D5H9|A0A1S4D5H9_TOBAC	Nicotiana tabacum	4097	Streptophyta	Viridiplantae	351	63	326	HVAMTLDIAYLRGSMAAILSVLQHSSCPENIIFHFVASSSAETTHLNLTIAKSFPYLHFKIYPIQDIAAVAGLISTSIRSALDCPLNYARNYLADLLPQYLHKVVYLDSDLVLVDDIGKLAATPLTEDSVLAAPEYCNANFTTYFTPTFWSNPSLSLTFANRNRKPCYFNTGVMVIDLDRWRAGDYTTKIVEWMELQKRMRIYELGSLPPFLLVFAGNIAPVDHRWNQHGLGGDNFRGLCRDLHPGPVSLLHWSGKGKPWVRLD	MPKLGSSRGRILLLLLLIFFSLFTQNVATATSKTNSNLSFKEAPKFYNSPSCSAINSLKNAVHVAMTLDIAYLRGSMAAILSVLQHSSCPENIIFHFVASSSAETTHLNLTIAKSFPYLHFKIYPIQDIAAVAGLISTSIRSALDCPLNYARNYLADLLPQYLHKVVYLDSDLVLVDDIGKLAATPLTEDSVLAAPEYCNANFTTYFTPTFWSNPSLSLTFANRNRKPCYFNTGVMVIDLDRWRAGDYTTKIVEWMELQKRMRIYELGSLPPFLLVFAGNIAPVDHRWNQHGLGGDNFRGLCRDLHPGPVSLLHWSGKGKPWVRLDSNYTCPLDALWAPYDLLQTPYTLES
uniprot	Clade9	GT8-GATL	GT8-GATL-1	tr|A0A1S2Y4A0|A0A1S2Y4A0_CICAR	Cicer arietinum	3827	Streptophyta	Viridiplantae	365	82	340	HVAMTLDTTYIRGSMAAILSVLQHSSCPQNIFFHFVCSSNTSLLNSTIFKSFPYLKFQVYNFDDSIVSGLISTSIRSALDCPLNYARSYLANLIPLCVKKIVYLDSDLILIDDIIKLASTQLGQKNVLAAPEYCNANFTFYFTPTFWSNPSLSLTFANRKACYFNTGVMVIDLEKWREGDYTKKIEEWMELQKRMRIYELGSLPPFLLVFAGNIVPVDHRWNQHGLGGDNFRGLCRDLHPGPVSLLHWSGKGKPWVRLD	MNFNFPKSKLFFLIILTLSLLSLPSQSLPSKTQKPIITNQFKEAPQFYNSPNCPSITQNNNNIEEEEEENIETYLCSNEAVHVAMTLDTTYIRGSMAAILSVLQHSSCPQNIFFHFVCSSNTSLLNSTIFKSFPYLKFQVYNFDDSIVSGLISTSIRSALDCPLNYARSYLANLIPLCVKKIVYLDSDLILIDDIIKLASTQLGQKNVLAAPEYCNANFTFYFTPTFWSNPSLSLTFANRKACYFNTGVMVIDLEKWREGDYTKKIEEWMELQKRMRIYELGSLPPFLLVFAGNIVPVDHRWNQHGLGGDNFRGLCRDLHPGPVSLLHWSGKGKPWVRLDANRPCPLDALWAPYDLLKTPFSLDS
uniprot	Clade9	GT8-GATL	GT8-GATL-1	tr|A0A1S2YSJ4|A0A1S2YSJ4_CICAR	Cicer arietinum	3827	Streptophyta	Viridiplantae	377	90	352	HVAMTLDVSYIRGSMAAILSVLQHSSCPENIVFHFITASSKPSSTTVLNRTITNSFPYLKFQIYPFHDGPVAGLISTSIRSALDCPLNYARTYLAELLPFCITRVVYLDSDLILVDDIAKLAATPLRPDTVLAAPEYCGANFSAYFTPSFWSNPSLSLTFANRNACYFNTGVMVIDLRRWRAGDYTTMIREWMELQKRMRIYELGSLPPFLLVFAGRITPVDHRWNQHGLGGDNFRGLCRDLHPGPVSLLHWSGKGKPWARLD	MFLLSLSCFNLHKYIHSPINPQKSHIYHHSPMRFKLFILCALLILFSTHTFCTTLDLELFKEAPKFYNSPTCATIGSHLNNHTCSIEAVHVAMTLDVSYIRGSMAAILSVLQHSSCPENIVFHFITASSKPSSTTVLNRTITNSFPYLKFQIYPFHDGPVAGLISTSIRSALDCPLNYARTYLAELLPFCITRVVYLDSDLILVDDIAKLAATPLRPDTVLAAPEYCGANFSAYFTPSFWSNPSLSLTFANRNACYFNTGVMVIDLRRWRAGDYTTMIREWMELQKRMRIYELGSLPPFLLVFAGRITPVDHRWNQHGLGGDNFRGLCRDLHPGPVSLLHWSGKGKPWARLDANRPCPLDALWAPYDLLKTSFTFEV
uniprot	Clade9	GT8-GATL	GT8-GATL-1	tr|A0A1S3EHQ5|A0A1S3EHQ5_CICAR	Cicer arietinum	3827	Streptophyta	Viridiplantae	254	69	254	HVAMTLDIKYLRGSMAAILSVLQHSSCPENTIFHFVTAASKSYSSTVTLNNTLSNSFPYLKFQIYPFNDDAVSGFISTSIRSALDCPLNYARNYMANLLPTCVNKIVYLDSDLILVDDIAKLAATNLRNDAVLAAPEYCNANFSNYFTPTFWSNPSLSLTFASRKPCYFNTGVMVIHLERWRAGNY	MTSMVLTIFHFLIVLLFIILISTNHVTCNTITITTTQRFKQAPKFYNSPNCATLQFSQPTDTCSDDAVHVAMTLDIKYLRGSMAAILSVLQHSSCPENTIFHFVTAASKSYSSTVTLNNTLSNSFPYLKFQIYPFNDDAVSGFISTSIRSALDCPLNYARNYMANLLPTCVNKIVYLDSDLILVDDIAKLAATNLRNDAVLAAPEYCNANFSNYFTPTFWSNPSLSLTFASRKPCYFNTGVMVIHLERWRAGNY
uniprot	Clade9	GT8-GATL	GT8-GATL-1	tr|A0A1S3TYC1|A0A1S3TYC1_VIGRR	Vigna radiata var. radiata	3916	Streptophyta	Viridiplantae	363	80	338	HVAMTLDTTYIRGSMAAILSVLQHSSCPQNIFFHFVCSSSASLLRAAISNSFPYLNFHLYTFDDSQVSGLISTSIRSALDCPLNYARSYLPNLLPLCVRRVVYLDSDLILVDDIAKLADTPLGDKAVLAAPEYCNANFTAYFTPTFWSNPSLSLTFADRKPCYFNTGVMVIDLERWREGDYTTKIEEWMELQKRMRIYDLGSLPPFLLVFAGNIASVDHRWNQHGLGGDNFRGLCRDLHPGPVSLLHWSGKGKPWVRLD	MKLKPRRPKSNQAPLLFFLILSFFSLPNEAKSTTTTLIHQFKEAPEFYNSPDCASITDTQDNLNNHQNADTYICSEEAVHVAMTLDTTYIRGSMAAILSVLQHSSCPQNIFFHFVCSSSASLLRAAISNSFPYLNFHLYTFDDSQVSGLISTSIRSALDCPLNYARSYLPNLLPLCVRRVVYLDSDLILVDDIAKLADTPLGDKAVLAAPEYCNANFTAYFTPTFWSNPSLSLTFADRKPCYFNTGVMVIDLERWREGDYTTKIEEWMELQKRMRIYDLGSLPPFLLVFAGNIASVDHRWNQHGLGGDNFRGLCRDLHPGPVSLLHWSGKGKPWVRLDANRPCPLDALWAPYDLLNTPFSLDS
uniprot	Clade9	GT8-GATL	GT8-GATL-1	tr|A0A1S3BAX6|A0A1S3BAX6_CUCME	Cucumis melo	3656	Streptophyta	Viridiplantae	349	65	324	HVAMTLDTAYIRGSMAAILSVLQHSSCPQNVIFHFVSSASANVSALRATISSSFPYLKFQIYPFDDGAVSRLISTSIRSALDCPLNYARSYLADLLPLCVRRVVYLDSDLILVDDISNLANTQLNDAVLAAPEYCNANFTSYFTPTFWSNPSLSLTFANRNPCYFNTGVMVIDLSRWRLGDFTSKIEEWMELQKRMRIYELGSLPPFMLVFAGNIVPVDHRWNQHGLGGDNFRGLCRDLHPGPVSLLHWSGKGKPWARLD	MLQPPSPISLLFLLLLLFFFISPITAANVTTLFKEAPQFYNSPDCPLVVIGQEDSHGLCSDDGVHVAMTLDTAYIRGSMAAILSVLQHSSCPQNVIFHFVSSASANVSALRATISSSFPYLKFQIYPFDDGAVSRLISTSIRSALDCPLNYARSYLADLLPLCVRRVVYLDSDLILVDDISNLANTQLNDAVLAAPEYCNANFTSYFTPTFWSNPSLSLTFANRNPCYFNTGVMVIDLSRWRLGDFTSKIEEWMELQKRMRIYELGSLPPFMLVFAGNIVPVDHRWNQHGLGGDNFRGLCRDLHPGPVSLLHWSGKGKPWARLDANRPCPLDALWVPYDLLQTPFSLDS
uniprot	Clade9	GT8-GATL	GT8-GATL-1	tr|A0A1S3CRR1|A0A1S3CRR1_CUCME	Cucumis melo	3656	Streptophyta	Viridiplantae	342	57	317	HVAMTLDTAYIRGSMAAVLSVLQHSSCPQNVIFHFVYSASANSSFLRTTLSHSFPYLKFQLYPFDDEAVSRLISTSIRSALDCPLNYARSYLANLLPTCVARVVYLDSDLILVDDIAKLSAHPLGADSVLAAPEYCNANFTAYFTPSFWSNPSLSLTFANRKACYFNTGVMVIDLDRWRAGDYTTKIEEWMELQKRMRIYELGSLPPFLLVFGGRIAPVEHRWNQHGLGGDNIRGLCRDLHPGPVSLLHWSGKGKPWARLD	MPSPLLLLLLLLSVAANAATFKEAPQFYNSPDCPSIADDLEDPDENDQHLCFNRAVHVAMTLDTAYIRGSMAAVLSVLQHSSCPQNVIFHFVYSASANSSFLRTTLSHSFPYLKFQLYPFDDEAVSRLISTSIRSALDCPLNYARSYLANLLPTCVARVVYLDSDLILVDDIAKLSAHPLGADSVLAAPEYCNANFTAYFTPSFWSNPSLSLTFANRKACYFNTGVMVIDLDRWRAGDYTTKIEEWMELQKRMRIYELGSLPPFLLVFGGRIAPVEHRWNQHGLGGDNIRGLCRDLHPGPVSLLHWSGKGKPWARLDANRPCPLDALWVPYDLLETPFSIDS
uniprot	Clade9	GT8-GATL	GT8-GATL-1	tr|A0A1R3HXN3|A0A1R3HXN3_9ROSI	Corchorus olitorius	93759	Streptophyta	Viridiplantae	352	67	327	HVAMTLDTAYIRGSMAAILSVLQHSSCPQNIAFHFVASATANASHLRATISSSFPYLNFQVYSFDDSSVSRLISTSIRSALDCPLNYARSYLANLLPLCVRRVVYLDSDLVLVDDIAKLAATPLGDNSVLAAPEYCNANFTSYFTLTFWSNPALSLTFANRKACYFNTGVMVIDLDRWREGDFTTKIEEWMELQKRMRIYELGSLPPFLLVFAGNIVPVDHKWNQHGLGGDNFRGLCRDLHPGPVSLLHWSGKGKPWARLD	MPKSPIFLHFFLLLVLTVFATANATAAQQFKEAPQFYNSPDCPVITEEDDQLDGEESSILCSDQAVHVAMTLDTAYIRGSMAAILSVLQHSSCPQNIAFHFVASATANASHLRATISSSFPYLNFQVYSFDDSSVSRLISTSIRSALDCPLNYARSYLANLLPLCVRRVVYLDSDLVLVDDIAKLAATPLGDNSVLAAPEYCNANFTSYFTLTFWSNPALSLTFANRKACYFNTGVMVIDLDRWREGDFTTKIEEWMELQKRMRIYELGSLPPFLLVFAGNIVPVDHKWNQHGLGGDNFRGLCRDLHPGPVSLLHWSGKGKPWARLDANRPCPLDALWAPYDLLQTPFALDS
uniprot	Clade9	GT8-GATL	GT8-GATL-1	tr|A0A1Q3CX28|A0A1Q3CX28_CEPFO	Cephalotus follicularis	3775	Streptophyta	Viridiplantae	284	1	259	MTLDGAYIRGSMAAILSVLQHSSCPQTIAFHFVTSASSPDASLLRSTISSSFPYLKFRVYPFDDSAVSGLISTSIRSALDCSLNYARSYLANLLPLCVRRVVYLDSDLVLVDDIFKLFNTQLGDTSVLAAPEYCNANFTSYFTPTFWSNPSLSLTFANRKTCYFNTGVMVIDLDRWREGDYTTKIEEWMELQKRMRIYDLGSLPPFLLVFAGNIVPVNHRWNQHGLGGDNFRGLCRDLHPGPVSLLHWSGKGKPWARLD	MTLDGAYIRGSMAAILSVLQHSSCPQTIAFHFVTSASSPDASLLRSTISSSFPYLKFRVYPFDDSAVSGLISTSIRSALDCSLNYARSYLANLLPLCVRRVVYLDSDLVLVDDIFKLFNTQLGDTSVLAAPEYCNANFTSYFTPTFWSNPSLSLTFANRKTCYFNTGVMVIDLDRWREGDYTTKIEEWMELQKRMRIYDLGSLPPFLLVFAGNIVPVNHRWNQHGLGGDNFRGLCRDLHPGPVSLLHWSGKGKPWARLDANRPCPLDSLWAPYDLLQTPFALDS
uniprot	Clade9	GT8-GATL	GT8-GATL-1	tr|A0A1J6ILT2|A0A1J6ILT2_NICAT	Nicotiana attenuata	49451	Streptophyta	Viridiplantae	351	63	326	HVAMTLDIAYLRGSMAAILSVLQHSSCPENIIFHFVSSSSAETTHLNFTIAKSFPYLHFTIYPIQDIAAVAGLISTSIRSALDCPLNYARNYLADLLPQYLHKVVYLDSDLVLVDDIAKLAATPLIEDSVLAAPEYCNANFTTYFTPTFWSNPSLSLTFANQNRKPCYFNTGVMVIDLDRWRAGDYTTKIVEWMELQKRMRIYELGSLPPFLLVFAGNIAPVDHRWNQHGLGGDNFRGLCRDLHPGPVSLLHWSGKGKPWVRLD	MPKLGSSRARFLLSLLLIFFSLFIQNVATATSKNNSNLNFKEAPKFYNSPSCSAINSLKNAVHVAMTLDIAYLRGSMAAILSVLQHSSCPENIIFHFVSSSSAETTHLNFTIAKSFPYLHFTIYPIQDIAAVAGLISTSIRSALDCPLNYARNYLADLLPQYLHKVVYLDSDLVLVDDIAKLAATPLIEDSVLAAPEYCNANFTTYFTPTFWSNPSLSLTFANQNRKPCYFNTGVMVIDLDRWRAGDYTTKIVEWMELQKRMRIYELGSLPPFLLVFAGNIAPVDHRWNQHGLGGDNFRGLCRDLHPGPVSLLHWSGKGKPWVRLDSNRPCPLDALWAPYDLLQTPYTLES
uniprot	Clade9	GT8-GATL	GT8-GATL-1	tr|A0A1J6K9T7|A0A1J6K9T7_NICAT	Nicotiana attenuata	49451	Streptophyta	Viridiplantae	361	76	336	NVAMTLDAAYLRGSMAAILSVLQHSSCPENVIFHFVASSSADTNYLNITIANSFPYLHFTIYPFQDSGVAGLISTSIRAALDCPLNYARNYLADLLPRCIQKVVYLDSDLVLVDDIAKLAATPLGEEAVLAAPEYCNANFTTYFTPTFWSNPSLSLTFANRKPCYFNTGVMVIDLERWRAGDYTTKIVEWMELQKRMRIYELGSLPPFLLVFAGNIAPVDHKWNQHGLGGDNFRGLCRNLHPGPVSLLHWSGKGKPWVRLD	MPKLGSFKIKAFISLLWTISFAALIGAINTKNFHFKEAPKFYNSPTCPSLHFSSTDTNNATIKSTSNGICFENAVNVAMTLDAAYLRGSMAAILSVLQHSSCPENVIFHFVASSSADTNYLNITIANSFPYLHFTIYPFQDSGVAGLISTSIRAALDCPLNYARNYLADLLPRCIQKVVYLDSDLVLVDDIAKLAATPLGEEAVLAAPEYCNANFTTYFTPTFWSNPSLSLTFANRKPCYFNTGVMVIDLERWRAGDYTTKIVEWMELQKRMRIYELGSLPPFLLVFAGNIAPVDHKWNQHGLGGDNFRGLCRNLHPGPVSLLHWSGKGKPWVRLDASRPCPLDTLWAPYDLLQTPYALES
uniprot	Clade9	GT8-GATL	GT8-GATL-1	tr|A0A1R3GFM8|A0A1R3GFM8_COCAP	Corchorus capsularis	210143	Streptophyta	Viridiplantae	355	70	330	HVAMTLDAAYLRGSMAAILSVLQHSSCPQNIIFHFVAAATTNHHHLRHTISHSFPSLKFQIYSYDSSAVSGLISTSIRSALDSPLNYARNYLANLLPPCLRRVVYLDSDLVLVDDIAKLAATPLGEHSVLAAPEYCNANFTSYFTLTFWSNPTLSLTFAGRNACYFNTGVMVIDLQRWREGDYTTKIIEWMELQKRMRIYELGSLPPFLLVFAGNIAPVDHRWNQHGLGGDNYRGLCRNLHPGPVSLLHWSGKGKPWVRLD	MPKLVSFPPHHHLHRHHPLLLLFLLLISATNAATASSTYQRFKEAPQFYNSPSCPSLDTNNGMCSDEGVHVAMTLDAAYLRGSMAAILSVLQHSSCPQNIIFHFVAAATTNHHHLRHTISHSFPSLKFQIYSYDSSAVSGLISTSIRSALDSPLNYARNYLANLLPPCLRRVVYLDSDLVLVDDIAKLAATPLGEHSVLAAPEYCNANFTSYFTLTFWSNPTLSLTFAGRNACYFNTGVMVIDLQRWREGDYTTKIIEWMELQKRMRIYELGSLPPFLLVFAGNIAPVDHRWNQHGLGGDNYRGLCRNLHPGPVSLLHWSGKGKPWVRLDSNRPCPLDALWAPYDLLQTPFALES
uniprot	Clade9	GT8-GATL	GT8-GATL-1	tr|A0A1R3IYM1|A0A1R3IYM1_COCAP	Corchorus capsularis	210143	Streptophyta	Viridiplantae	353	68	328	HVAMTLDTAYIRGSMAAILSVLQHSSCPQNIAFHFVASATANASHLRATISSSFPYLNFQVYSFDDSSVSRLISTSIRSALDCPLNYARSYLANLLPLCVRRVVYLDSDLVLVDDIAKLAATPLGDNSVLAAPEYCNANFTSYFTLTFWSNPALSLTFANRKACYFNTGVMVIDLDRWREGDFTTKIEEWMELQKRMRIYELGSLPPFLLVFAGNIVPVDHKWNQHGLGGDNFRGLCRDLHPGPVSLLHWSGKGKPWTRLD	MPKSPIFLHFLLLLVLTVFAAIANATAAQQFKEAPQFYNSPDCPVITEEDDQLDGEESSILCSDQAVHVAMTLDTAYIRGSMAAILSVLQHSSCPQNIAFHFVASATANASHLRATISSSFPYLNFQVYSFDDSSVSRLISTSIRSALDCPLNYARSYLANLLPLCVRRVVYLDSDLVLVDDIAKLAATPLGDNSVLAAPEYCNANFTSYFTLTFWSNPALSLTFANRKACYFNTGVMVIDLDRWREGDFTTKIEEWMELQKRMRIYELGSLPPFLLVFAGNIVPVDHKWNQHGLGGDNFRGLCRDLHPGPVSLLHWSGKGKPWTRLDANRPCPLDALWAPYDLLQTPFALDS
uniprot	Clade9	GT8-GATL	GT8-GATL-1	tr|A0A1J7G2S5|A0A1J7G2S5_LUPAN	Lupinus angustifolius	3871	Streptophyta	Viridiplantae	344	57	319	HVAMTLDVTYLRGSMAAILSVPQHSSCPENIIFHFVTAASKINSTTVLNRTLSTSFPYLKFQFYPFDDHSVAGFISTSIRSALDCPLNYARNYLANLLPPCVEKIVYLDSDLVLVDDIAKLAATPLSGDVVLAAPEYCNANFSSYFTPTFWSNPSLSLTFAGRRACYFNTGVMVIDLARWRDGDYTKKIEEWMELQKRMRIYELGSLPPFLLVFAGNIGPVDHRWNQHGLGGDNFHGLCRDLHPGPASLLHWSGKGKPWARLD	MFMSSMATHVFLISLYLLFYSHATAQCFKEAPKFYNSPNCPNINLHPTLTCSPHAVHVAMTLDVTYLRGSMAAILSVPQHSSCPENIIFHFVTAASKINSTTVLNRTLSTSFPYLKFQFYPFDDHSVAGFISTSIRSALDCPLNYARNYLANLLPPCVEKIVYLDSDLVLVDDIAKLAATPLSGDVVLAAPEYCNANFSSYFTPTFWSNPSLSLTFAGRRACYFNTGVMVIDLARWRDGDYTKKIEEWMELQKRMRIYELGSLPPFLLVFAGNIGPVDHRWNQHGLGGDNFHGLCRDLHPGPASLLHWSGKGKPWARLDANRPCPLDALWAPYDLLETRFALEA
uniprot	Clade9	GT8-GATL	GT8-GATL-1	tr|A0A1U7VI80|A0A1U7VI80_NICSY	Nicotiana sylvestris	4096	Streptophyta	Viridiplantae	362	77	337	NVAMTLDAAYLRGSMAAILSVLQHSSCPENVIFHFVASSSADTNYLNITIANSFPYLHFTIYPFQDSGVAGLISTSIRAALDCPLNYARNYLADLLPGCIQKVVYLDSDLVLVDDIAKLAATPLGEEAVLAAPEYCNANFTTYFTPTFWSNPSLSLTFANRKPCYFNTGVMVIDLERWRAGDYTTKIVEWMELQKRMRIYELGSLPPFLLVFAGNIAPVDHKWNQHGLGGDNFRGLCRNLHPGPVSLLHWSGKGKPWVRLD	MPKLGSFKIKAFISLLWTISFDALSAGAINTKNLHFKEAPKFYNSPTCPSLHFSSTDTNNATINSTSNGICFENAVNVAMTLDAAYLRGSMAAILSVLQHSSCPENVIFHFVASSSADTNYLNITIANSFPYLHFTIYPFQDSGVAGLISTSIRAALDCPLNYARNYLADLLPGCIQKVVYLDSDLVLVDDIAKLAATPLGEEAVLAAPEYCNANFTTYFTPTFWSNPSLSLTFANRKPCYFNTGVMVIDLERWRAGDYTTKIVEWMELQKRMRIYELGSLPPFLLVFAGNIAPVDHKWNQHGLGGDNFRGLCRNLHPGPVSLLHWSGKGKPWVRLDASRPCPLDTLWAPYDLLQTPYALES
uniprot	Clade9	GT8-GATL	GT8-GATL-1	tr|A0A1U7VR53|A0A1U7VR53_NICSY	Nicotiana sylvestris	4096	Streptophyta	Viridiplantae	346	58	321	HVAMTLDIAYLRGSMAAILSVLQHSSCPENIIFHFVASSSAETTHLNLTIAKSFPYLHFTIYPIQDIAAVAGLISTSIRSALDCPLNYARNYLADLLPQYLHKVVYLDSDLVLVDDIAKLAATPLTEDSVLAAPEYCNANFTTYFTPTFWSNPSLSLTFANRNRKPCYFNTGVMVIDLDRWKAGDYTTKIVEWMELQKRMRIYELGSLPPFLLVFAGNIAPVDHRWNQHGLGGDNFRGLCRDLHPGPVSLLHWSGKGKPWVRLD	MPKLGSSSGSILVSLLLIFFSLLTQNVATNSNLSFKEAPKFYNSPSCSAINFSENAVHVAMTLDIAYLRGSMAAILSVLQHSSCPENIIFHFVASSSAETTHLNLTIAKSFPYLHFTIYPIQDIAAVAGLISTSIRSALDCPLNYARNYLADLLPQYLHKVVYLDSDLVLVDDIAKLAATPLTEDSVLAAPEYCNANFTTYFTPTFWSNPSLSLTFANRNRKPCYFNTGVMVIDLDRWKAGDYTTKIVEWMELQKRMRIYELGSLPPFLLVFAGNIAPVDHRWNQHGLGGDNFRGLCRDLHPGPVSLLHWSGKGKPWVRLDSNRPCPLDALWAPYDLLQTSYTLES
uniprot	Clade9	GT8-GATL	GT8-GATL-1	tr|A0A1U8JB27|A0A1U8JB27_GOSHI	Gossypium hirsutum	3635	Streptophyta	Viridiplantae	354	69	329	HVAMTLDTAYIRGSMAAILSVLQHSSCPQNIAFHFVASATANATFLLATISSSFPYLNFRVYPFDDSSVSRLISTSIRSALDCPLNYARSYLANLLPPCVRRVVYLDSDLVLVDDIAKLAATPLGDDPVLAAPEHCNANFTTYFTPTFWSNPSLSLTFANRKPCYFNTGVMVIDLDRWREGDYTTKIEEWMELQKRIRIYELGSLPPFLLVFAGNIVPVDHRWNQHGLGGDNFRGLCRDLHPGPVSLLHWSGKGKPWARLD	MSKPPRFDLLIVLLFTVIALASNSVTATPITQQFKEAPQFYNSPDCAVLVDEDESDGEASILCSDQAVHVAMTLDTAYIRGSMAAILSVLQHSSCPQNIAFHFVASATANATFLLATISSSFPYLNFRVYPFDDSSVSRLISTSIRSALDCPLNYARSYLANLLPPCVRRVVYLDSDLVLVDDIAKLAATPLGDDPVLAAPEHCNANFTTYFTPTFWSNPSLSLTFANRKPCYFNTGVMVIDLDRWREGDYTTKIEEWMELQKRIRIYELGSLPPFLLVFAGNIVPVDHRWNQHGLGGDNFRGLCRDLHPGPVSLLHWSGKGKPWARLDANRPCPLDALWAPYDLLETPFALDS
uniprot	Clade9	GT8-GATL	GT8-GATL-1	tr|A0A1U8JVP5|A0A1U8JVP5_GOSHI	Gossypium hirsutum	3635	Streptophyta	Viridiplantae	286	54	261	RHKCRPFLGYYDSSVVSGLISTSIRSALDSPLNYARNYLADLLPHCIHDIVYLDSDLVLVDDIAKLAATPLDENTVLAAPEYCNANFTSYFTPTFWSNPTLSLTFAGRKPCYFNTGVMVIDLQKWREGDYTTKIIEWMELQKRIRIYELGSLPPFLLVFAGTIAPVDHRWNQHGLGGDNYRGLCRNLHPGRVSLLHWSGKGKPWVRLD	CVPFPPYIKSLKNQKSKLPPTKDVQICISHPTKSPPPTPPPPSPPLPPFPPHLRHKCRPFLGYYDSSVVSGLISTSIRSALDSPLNYARNYLADLLPHCIHDIVYLDSDLVLVDDIAKLAATPLDENTVLAAPEYCNANFTSYFTPTFWSNPTLSLTFAGRKPCYFNTGVMVIDLQKWREGDYTTKIIEWMELQKRIRIYELGSLPPFLLVFAGTIAPVDHRWNQHGLGGDNYRGLCRNLHPGRVSLLHWSGKGKPWVRLDANRPCPLDALWAPYDLLQTPFALES
uniprot	Clade9	GT8-GATL	GT8-GATL-1	tr|A0A1U8MZX6|A0A1U8MZX6_GOSHI	Gossypium hirsutum	3635	Streptophyta	Viridiplantae	355	70	330	HVAMTLDTAYIRGSMAAILSVLQHSSCPQNIAFHFIASATANASFLRATISSSFPYLNFRVYPFDDSSVSRLISTSIRSALDCPLNYARSYLANLLPPCVRRVVYLDSDLVLVDDIAKLAATPLGDDSVLAAPEHCNANFTTYFTPTFWSNPSLSLTFANRKPCYFNTGVMVIDLDRWREGDYTTKIEEWMELQKRIRIYELGSLPPFLLVFAGNIVPVDHRWNQHGLGGDNFRGLCRDLHPGPVSLLHWSGKGKPWARLD	MSKPPRFDLLLVLLFTVIALASNSVTVATPITQQFKEAPQFYNSPDCAVLVDEDESDGEASILCSDQAVHVAMTLDTAYIRGSMAAILSVLQHSSCPQNIAFHFIASATANASFLRATISSSFPYLNFRVYPFDDSSVSRLISTSIRSALDCPLNYARSYLANLLPPCVRRVVYLDSDLVLVDDIAKLAATPLGDDSVLAAPEHCNANFTTYFTPTFWSNPSLSLTFANRKPCYFNTGVMVIDLDRWREGDYTTKIEEWMELQKRIRIYELGSLPPFLLVFAGNIVPVDHRWNQHGLGGDNFRGLCRDLHPGPVSLLHWSGKGKPWARLDANRPCPLDALWAPYDLLQTPFALDS
uniprot	Clade9	GT8-GATL	GT8-GATL-1	tr|A0A1U8NBN9|A0A1U8NBN9_GOSHI	Gossypium hirsutum	3635	Streptophyta	Viridiplantae	355	70	330	HVAMTLDTAYLRGLMAAILSILQHSSCPQNILFHFIASATANHQHFRYTISRAFPALVFQIYPYDSKALSGLISTSIRSALDCPLNYARNYLPNLLPRCLRRVVYLDSDLVLVDDMAKLAATPLGDSSVLAAPEYCNANFTSYFTPTFWSNPTLSLTFSGRKACYFNTGVMVIDLQRWRAGDYTTEIVEWMELQKRMRIYELGSLPPFLLVFAGNIAPVDHRWNQHGLGGDNYRGLCRDLHPGPTSLLHWSGKGKPWARLD	MPKLALIPPHDHHRHHRQLLLIFLLISATTAAPASATTNYQVFKEAPQFYNSPTCPSIHTNGMCCDQAVHVAMTLDTAYLRGLMAAILSILQHSSCPQNILFHFIASATANHQHFRYTISRAFPALVFQIYPYDSKALSGLISTSIRSALDCPLNYARNYLPNLLPRCLRRVVYLDSDLVLVDDMAKLAATPLGDSSVLAAPEYCNANFTSYFTPTFWSNPTLSLTFSGRKACYFNTGVMVIDLQRWRAGDYTTEIVEWMELQKRMRIYELGSLPPFLLVFAGNIAPVDHRWNQHGLGGDNYRGLCRDLHPGPTSLLHWSGKGKPWARLDANRPCPLDAFWAPYDLLQTSSALES
uniprot	Clade9	GT8-GATL	GT8-GATL-1	tr|A0A1U7Z460|A0A1U7Z460_NELNU	Nelumbo nucifera	4432	Streptophyta	Viridiplantae	356	71	331	HVAMTLDAAYLRGSVAAILSVLQHSSCPQNIDFHFVTSASADTDYLRRTIANSFPYLRFHLYRIDDAAVSGLISTSIRAALDCPLNYARNYLANLLPLCVRRVVYLDSDLILVDDIAKLAATPLGNDAVLAAPEYCNANFTSYFTLTFWSNPALSLTFAGRKACYFNTGVMVIDLERWREGDYTTKIEEWMELQKRMRIYELGSLPPFLLVFAGNIAPVDHRWNQHGLGGDNFRGLCRDLHPGPVSLLHWSGKGKPWARLD	MARPSTPPLLFLSLSLFIFFFTFTLAAASQQFREAPEFYNSPECPSIFNDDDDDVHVHDSNTTVCSDHIVHVAMTLDAAYLRGSVAAILSVLQHSSCPQNIDFHFVTSASADTDYLRRTIANSFPYLRFHLYRIDDAAVSGLISTSIRAALDCPLNYARNYLANLLPLCVRRVVYLDSDLILVDDIAKLAATPLGNDAVLAAPEYCNANFTSYFTLTFWSNPALSLTFAGRKACYFNTGVMVIDLERWREGDYTTKIEEWMELQKRMRIYELGSLPPFLLVFAGNIAPVDHRWNQHGLGGDNFRGLCRDLHPGPVSLLHWSGKGKPWARLDANRPCPLDALWAPYDLLQTPFILDS
uniprot	Clade9	GT8-GATL	GT8-GATL-1	tr|A0A1U7ZLP6|A0A1U7ZLP6_NELNU	Nelumbo nucifera	4432	Streptophyta	Viridiplantae	351	66	326	HVAMTLDAAYLRGSMAAILSVLQHSSCPQNVDFHFVTSASADTDYLRRTIANSFPYLRFHLYHIDDSAVSGLISTSIRAALDCPLNYARNYLDNLLPLCIRRVVYLDSDLILVDDIAKLSATPLADEAVLAAPEYCNANFTSYFTPTFWSNPALSLTFAGRKACYFNTGVMVIDLERWRAGDYTTKIEEWMELQKRMRIYELGSLPPFLLVFAGSIAPVDHRWNQHGLGGDNFRGLCRDLHPGPVSLLHWSGKGKPWARLD	MPRPTPLHLLLSLSFFILSLTFTNVAATSQQFREAPEFYNSPECPLIFVDEDEGNNSIVCSDHVVHVAMTLDAAYLRGSMAAILSVLQHSSCPQNVDFHFVTSASADTDYLRRTIANSFPYLRFHLYHIDDSAVSGLISTSIRAALDCPLNYARNYLDNLLPLCIRRVVYLDSDLILVDDIAKLSATPLADEAVLAAPEYCNANFTSYFTPTFWSNPALSLTFAGRKACYFNTGVMVIDLERWRAGDYTTKIEEWMELQKRMRIYELGSLPPFLLVFAGSIAPVDHRWNQHGLGGDNFRGLCRDLHPGPVSLLHWSGKGKPWARLDANRPCPLDALWAPYDLLQTPSALDS
uniprot	Clade9	GT8-GATL	GT8-GATL-1	tr|A0A1U8G2N1|A0A1U8G2N1_CAPAN	Capsicum annuum	4072	Streptophyta	Viridiplantae	352	64	327	HVAMTLDIAYLRGSMAAILSVLQHSSCPENIIFHFVASSSTETASLNLIIKKSFPYLHYTIYPIQDIAAVAGLISTSIRSALDCPLNYARNYLADLLPQHLQKVVYLDSDLILVDDIAKLAATPLSGDSVLAAPEYCNANFTTYFTPTFWSNPSLSLTFANKNRKPCYFNTGVMVIDLVRWRAGDYTTKIVEWMELQKRMRIYELGSLPPFLLVFAGNIAPVDHSWNQHGLGGDNFHGLCRDLHPGPVSLLHWSGKGKPWARLD	MPKLGISRGSNLLPLTLIIFTLLIQNGSTAARTTTNSNLHFKEAPQFYNSPRCSALNSSENAVHVAMTLDIAYLRGSMAAILSVLQHSSCPENIIFHFVASSSTETASLNLIIKKSFPYLHYTIYPIQDIAAVAGLISTSIRSALDCPLNYARNYLADLLPQHLQKVVYLDSDLILVDDIAKLAATPLSGDSVLAAPEYCNANFTTYFTPTFWSNPSLSLTFANKNRKPCYFNTGVMVIDLVRWRAGDYTTKIVEWMELQKRMRIYELGSLPPFLLVFAGNIAPVDHSWNQHGLGGDNFHGLCRDLHPGPVSLLHWSGKGKPWARLDANRPCPLDGLWSPYDLLQTHYTLES
uniprot	Clade9	GT8-GATL	GT8-GATL-1	tr|A0A2G2ZRY0|A0A2G2ZRY0_CAPAN	Capsicum annuum	4072	Streptophyta	Viridiplantae	354	68	329	HVAMTLDSAYIRGSMAAILSILQHSSCPQNVLFHFVASASADASNLRATISSSFPYLKFQVYRFDDSSVSGLISTSIRSALDCPLNYARSYLANILPLCVRKVVYLDSDLVLVDDIVKLLSATPLGENQILAAPEYCNANFTSYFTPTFWSNPSLSLTFADRKACYFNTGVMVIDLHRWRNGDYTRKIEEWMELQKRMRIYELGSLPPFLLVFAGNIAPVDHRWNQHGLGGDNFRGLCRDLHPGPVSLLHWSGKGKPWARLD	MKPVRQLPLPFFLTSFFIIATITTTIRTTNAAAATSQMFREAPEFYNSPECPKIEYRDNSMCFDEAVHVAMTLDSAYIRGSMAAILSILQHSSCPQNVLFHFVASASADASNLRATISSSFPYLKFQVYRFDDSSVSGLISTSIRSALDCPLNYARSYLANILPLCVRKVVYLDSDLVLVDDIVKLLSATPLGENQILAAPEYCNANFTSYFTPTFWSNPSLSLTFADRKACYFNTGVMVIDLHRWRNGDYTRKIEEWMELQKRMRIYELGSLPPFLLVFAGNIAPVDHRWNQHGLGGDNFRGLCRDLHPGPVSLLHWSGKGKPWARLDANRPCPLDALWAPYDLLKPPFSFDS
uniprot	Clade9	GT8-GATL	GT8-GATL-1	tr|A0A2G3A5R1|A0A2G3A5R1_CAPAN	Capsicum annuum	4072	Streptophyta	Viridiplantae	357	72	332	NVAMTLDAAYLRGSMAAILSVLQHSSCPENVIFHFVASSSANTDYLNVTLSTSFPYLHFTIYLFQDSAVAGLISTSIRAALDCPLNYARNYLADLLPGCIQKVVYLDSDLVLVDDIAKLAATPLGEESVLAAPEYCNANFTTYFTPTFWSNPSLSLTFANRKPCYFNTGVMVIDLQRWRAGDYTTKIVEWMELQKRMRIYELGSLPPFLLVFAGKIAPVDHKWNQHGLGGDNFRGLCRDLHPGSVSLLHWSGKGKPWVRLD	MIKLGSFVISLLWTISFAIAAHVGSIKTKTLHFKEAPKFYNSPTCPSFNYYHSTDTNNITNNTQICFQNAVNVAMTLDAAYLRGSMAAILSVLQHSSCPENVIFHFVASSSANTDYLNVTLSTSFPYLHFTIYLFQDSAVAGLISTSIRAALDCPLNYARNYLADLLPGCIQKVVYLDSDLVLVDDIAKLAATPLGEESVLAAPEYCNANFTTYFTPTFWSNPSLSLTFANRKPCYFNTGVMVIDLQRWRAGDYTTKIVEWMELQKRMRIYELGSLPPFLLVFAGKIAPVDHKWNQHGLGGDNFRGLCRDLHPGSVSLLHWSGKGKPWVRLDASRPCPLDALWAPYDLLQTPYVLES
uniprot	Clade9	GT8-GATL	GT8-GATL-1	tr|A0A2G3CQ09|A0A2G3CQ09_CAPCH	Capsicum chinense	80379	Streptophyta	Viridiplantae	354	68	329	HVAMTLDSAYIRGSMAAILSILQHSSCPQNVLFHFVASASADASNLRATISSSFPYLKFQVYRFDDSSVSGLISTSIRSALDCPLNYARSYLANILPLCVRKVVYLDSDLVLVDDIVKLLSATPLGDNQILAAPEYCNANFTSYFTPTFWSNPSLSLTFADRKACYFNTGVMVIDLHRWRNGDYTRKIEEWMELQKRMRIYELGSLPPFLLVFAGNIAPVDHRWNQHGLGGDNFRGLCRDLHPGPVSLLHWSGKGKPWARLD	MKPVRQLPLPFFLTSFFIIATITTTIKTTNAAAATSQMFREAPEFYNSPECPKIEYRDNSLCFDEAVHVAMTLDSAYIRGSMAAILSILQHSSCPQNVLFHFVASASADASNLRATISSSFPYLKFQVYRFDDSSVSGLISTSIRSALDCPLNYARSYLANILPLCVRKVVYLDSDLVLVDDIVKLLSATPLGDNQILAAPEYCNANFTSYFTPTFWSNPSLSLTFADRKACYFNTGVMVIDLHRWRNGDYTRKIEEWMELQKRMRIYELGSLPPFLLVFAGNIAPVDHRWNQHGLGGDNFRGLCRDLHPGPVSLLHWSGKGKPWARLDANRPCPLDALWAPYDLLKPPFSFDS
uniprot	Clade9	GT8-GATL	GT8-GATL-1	tr|A0A2G3D323|A0A2G3D323_CAPCH	Capsicum chinense	80379	Streptophyta	Viridiplantae	357	72	332	NVAMTLDAAYLRGSMAAILSVLQHSSCPENVIFHFVASSSANTDYLNVTLSTSFPYLHFTIYPFQDSAVAGLISTSIRAALDCPLNYARNYLADLLPGCIQKVVYLDSDLVLVDDIAKLAATPLGQESVLAAPEYCNANFTTYFTPTFWSNPSLSLTFANRKPCYFNTGVMVIDLQRWRAGDYTTKIVEWMELQKRMRIYELGSLPPFLLVFAGNIAPVDHKWNQHGLGGDNFRGLCRDLHPGSVSLLHWSGKGKPWVRLD	MIKLGSFVISLLWTISFAIAAHVGSIKTKTLHFKEAPKFYNSPTCPSFNYYHSTDTNNITNNTQICFQNAVNVAMTLDAAYLRGSMAAILSVLQHSSCPENVIFHFVASSSANTDYLNVTLSTSFPYLHFTIYPFQDSAVAGLISTSIRAALDCPLNYARNYLADLLPGCIQKVVYLDSDLVLVDDIAKLAATPLGQESVLAAPEYCNANFTTYFTPTFWSNPSLSLTFANRKPCYFNTGVMVIDLQRWRAGDYTTKIVEWMELQKRMRIYELGSLPPFLLVFAGNIAPVDHKWNQHGLGGDNFRGLCRDLHPGSVSLLHWSGKGKPWVRLDASRPCPLDALWAPYDLLQTPYILES
uniprot	Clade9	GT8-GATL	GT8-GATL-1	tr|A0A2G3D8X4|A0A2G3D8X4_CAPCH	Capsicum chinense	80379	Streptophyta	Viridiplantae	352	64	327	HVAMTLDIAYLRGSMAAILSVLQHSSCPENIIFHFVASSSTETASLNLIIKKSFPYLHYTIYPIQDIAAVAGLISTSIRSALDCPLNYARNYLADLLPQHLQKVVYLDSDLILVDDIAKLAATPLSGDSVLAAPEYCNANFTTYFTPTFWSNPSLSLTFANKNRKPCYFNTGVMVIDLVRWRAGDYTTKIVEWMELQKRMRIYELGSLPPFLLVFAGNIAPVDHSWNQHGLGGDNFHGLCRDLHPGPVSLLHWSGKGKPWARLD	MPKLGISRGSNLLSLTLIIFTLLIQNGSTAARTTTNSNLHFKEAPQFYNSPSCSALNSSENAVHVAMTLDIAYLRGSMAAILSVLQHSSCPENIIFHFVASSSTETASLNLIIKKSFPYLHYTIYPIQDIAAVAGLISTSIRSALDCPLNYARNYLADLLPQHLQKVVYLDSDLILVDDIAKLAATPLSGDSVLAAPEYCNANFTTYFTPTFWSNPSLSLTFANKNRKPCYFNTGVMVIDLVRWRAGDYTTKIVEWMELQKRMRIYELGSLPPFLLVFAGNIAPVDHSWNQHGLGGDNFHGLCRDLHPGPVSLLHWSGKGKPWARLDANQPCPLDGLWSPYDLLQTHYTLES
uniprot	Clade9	GT8-GATL	GT8-GATL-1	tr|A0A2G2X0S2|A0A2G2X0S2_CAPBA	Capsicum baccatum	33114	Streptophyta	Viridiplantae	317	31	292	HVAMTLDSAYIRGSMAAILSILQHSSCPQNVLFHFVASASADASNLRATISSSFPYLKFQVYRFDDSSVAGLISTSIRSALDCPLNYARSYLANILPLCVGKVVYLDSDLVLVDDIVKLLSATPLGDNQILAAPEYCNANFTSYFTPTFWSNPSLSLTFADRKACYFNTGVMVIDLHRWRNGDYTRKIEEWMELQKRMRIYELGSLPPFLLVFAGNIAPVDHRWNQHGLGGDNFRGLCRDLHPGPVSLLHWSGKGKPWARLD	MFREAPEFYNSPECPKIEYRDNSMCFDEAVHVAMTLDSAYIRGSMAAILSILQHSSCPQNVLFHFVASASADASNLRATISSSFPYLKFQVYRFDDSSVAGLISTSIRSALDCPLNYARSYLANILPLCVGKVVYLDSDLVLVDDIVKLLSATPLGDNQILAAPEYCNANFTSYFTPTFWSNPSLSLTFADRKACYFNTGVMVIDLHRWRNGDYTRKIEEWMELQKRMRIYELGSLPPFLLVFAGNIAPVDHRWNQHGLGGDNFRGLCRDLHPGPVSLLHWSGKGKPWARLDANRPCPLDALWAPYDLLKPPFSFDT
uniprot	Clade9	GT8-GATL	GT8-GATL-1	tr|A0A2G2XBK6|A0A2G2XBK6_CAPBA	Capsicum baccatum	33114	Streptophyta	Viridiplantae	357	72	332	NVAMTLDAAYLRGSMAAILSVLQHSSCPENVIFHFVASSSANTDYLNVTLSTSFPYLHFTIYPFQDSAVAGLISTSIRAALDCPLNYARNYLADLLPGCIQKVVYLDSDLVLVDDIAKLAATPLGEESVLAAPEYCNANFTTYFTPTFWSNPSLSLTFANRKPCYFNTGVMVIDLQRWRAGDYTTKIVEWMELQKRMRIYELGSLPPFLLVFAGNIAPVDHKWNQHGLGGDNFRGLCRDLHPGSVSLLHWSGKGKPWVRLD	MIKLGSFVISLLWTISFAIAAHIGSIKTKTLHFKEAPKFYNSPTCLSFNYYHSTDRNNITNNTQICFQNAVNVAMTLDAAYLRGSMAAILSVLQHSSCPENVIFHFVASSSANTDYLNVTLSTSFPYLHFTIYPFQDSAVAGLISTSIRAALDCPLNYARNYLADLLPGCIQKVVYLDSDLVLVDDIAKLAATPLGEESVLAAPEYCNANFTTYFTPTFWSNPSLSLTFANRKPCYFNTGVMVIDLQRWRAGDYTTKIVEWMELQKRMRIYELGSLPPFLLVFAGNIAPVDHKWNQHGLGGDNFRGLCRDLHPGSVSLLHWSGKGKPWVRLDASRPCPLDALWAPYDLLQTPYVLES
uniprot	Clade9	GT8-GATL	GT8-GATL-1	tr|A0A2G2XIJ0|A0A2G2XIJ0_CAPBA	Capsicum baccatum	33114	Streptophyta	Viridiplantae	352	64	327	HVSMTLDIAYLRGSMAAILSVLQHSSCPENIIFYFVASSSTETASLNLIIKKSFPYLHYTIYPIQDIAAVAGLISTSIRSALDCPLNYARNYLADLLPQHLQKVVYLDSDLILVDDIAKLAATPLSGDSVLAAPEYCNANFTTYFTPTFWSNPSLSLTFANKNRKPCYFNTGVMVIDLVRWRAGDYTTKIVEWMELQKRMRIYELGSLPPFLLVFAGNIAPVDHSWNQHGLGGDNFHGLCRDLHPGPVSLLHWSGKGKPWARLD	MPKLGISRGSNLLPLTLIIFTLLIQNGSTAARTTTNSNLHFKEAPQFYNSPSCSALNSSENAVHVSMTLDIAYLRGSMAAILSVLQHSSCPENIIFYFVASSSTETASLNLIIKKSFPYLHYTIYPIQDIAAVAGLISTSIRSALDCPLNYARNYLADLLPQHLQKVVYLDSDLILVDDIAKLAATPLSGDSVLAAPEYCNANFTTYFTPTFWSNPSLSLTFANKNRKPCYFNTGVMVIDLVRWRAGDYTTKIVEWMELQKRMRIYELGSLPPFLLVFAGNIAPVDHSWNQHGLGGDNFHGLCRDLHPGPVSLLHWSGKGKPWARLDANRPCPLDGLWSPYDLLQTHYTLES
uniprot	Clade9	GT8-GATL	GT8-GATL-1	tr|A0A2G9GZ10|A0A2G9GZ10_9LAMI	Handroanthus impetiginosus	429701	Streptophyta	Viridiplantae	354	69	329	HVAMTLDAAYLRGSMAAILSVLQHSSCPENIIFHFVSSSSATTSDLRRTMSISFPYLQFNVYSFDDSAAAGLISTSIRAALDCPLNYARNYLADLLPTCIRKIVYLDSDLVLVDNIAKLAATPLINDAVLAAPEYCNANFTSYFTPTFWSNPSLSLTFANRKPCYFNTGVMVIDIERWRAGDYTTKIVEWMELQKRMRIYELGSLPPFLLVFAGNIAPVDHRWNQHGLGGDNFRGLCRDLHPGPVSLLHWSGKGKPWARLD	MPPSVALSAILITIISIAVRNAPAADADAFQFREAPKFYNSPNCPSLTPPAAAAADTTSNICYDSNAIHVAMTLDAAYLRGSMAAILSVLQHSSCPENIIFHFVSSSSATTSDLRRTMSISFPYLQFNVYSFDDSAAAGLISTSIRAALDCPLNYARNYLADLLPTCIRKIVYLDSDLVLVDNIAKLAATPLINDAVLAAPEYCNANFTSYFTPTFWSNPSLSLTFANRKPCYFNTGVMVIDIERWRAGDYTTKIVEWMELQKRMRIYELGSLPPFLLVFAGNIAPVDHRWNQHGLGGDNFRGLCRDLHPGPVSLLHWSGKGKPWARLDENRPCPLDALWAPYDLLGTRSNLES
uniprot	Clade9	GT8-GATL	GT8-GATL-1	tr|A0A2I4GQ16|A0A2I4GQ16_9ROSI	Juglans regia	51240	Streptophyta	Viridiplantae	373	88	348	HVAMTLDTQYIRGSMAAILSVLQHCSCPENIFFHFVASASANTSLLRATLAHSFPYLKFQVYRFDDSHVSGLISTSIRSALDCPLNYARSYLANLLPLCVRKVVYLDSDLILVDDIAKLAATPLGESSVLAAPEYCNANFTSYFTPTFWSNPSLSLTFANRKACYFNTGVMVIDLDRWRAGEYTRRIEEWMELQKRMRLYELGSLPPFLLVFAGNIAPVNHRWNQHGLGGDNFRGLCRDLHPGPVSLLHWSGKGKPWARLD	MPKPPFLLFLIFVSCLFSSFIASTATINATTTLSQQFKEAPEFYNSPDCSSITNYLEEDDAEEEEEDDESSRHNINHKNNVCSDRAVHVAMTLDTQYIRGSMAAILSVLQHCSCPENIFFHFVASASANTSLLRATLAHSFPYLKFQVYRFDDSHVSGLISTSIRSALDCPLNYARSYLANLLPLCVRKVVYLDSDLILVDDIAKLAATPLGESSVLAAPEYCNANFTSYFTPTFWSNPSLSLTFANRKACYFNTGVMVIDLDRWRAGEYTRRIEEWMELQKRMRLYELGSLPPFLLVFAGNIAPVNHRWNQHGLGGDNFRGLCRDLHPGPVSLLHWSGKGKPWARLDANRPCPLDALWAPYDLLQTPFSLDS
uniprot	Clade9	GT8-GATL	GT8-GATL-1	tr|A0A2K3KYP6|A0A2K3KYP6_TRIPR	Trifolium pratense	57577	Streptophyta	Viridiplantae	341	56	316	HVAMTLDVSYIRGSMAAILSILQHSSCPENIIFHFITSSSKPSTVLNRIITNSFPYLKYQIYPFNDAPVAGLISTSIRSALDCPLNYARTYLADILPVCISKVVYLDSDLILVDDIAKLAATPLRSNTVLAAPEYCNANFSIYFTPSFWSNPSLSLTFANREACYFNTGVMVIDLQRWRSGEYTTMIREWMELQKRMRIYELGSLPPFLLVFAGRITPVDHRWNQHGLGGDNFRGLCRDLHPGPVSLLHWSGKGKPWARLD	MKFTTLITLCIFLHFTKHTLSTTTTLEENFKEAPKFYNSPTCTTITNHTCSIEAVHVAMTLDVSYIRGSMAAILSILQHSSCPENIIFHFITSSSKPSTVLNRIITNSFPYLKYQIYPFNDAPVAGLISTSIRSALDCPLNYARTYLADILPVCISKVVYLDSDLILVDDIAKLAATPLRSNTVLAAPEYCNANFSIYFTPSFWSNPSLSLTFANREACYFNTGVMVIDLQRWRSGEYTTMIREWMELQKRMRIYELGSLPPFLLVFAGRITPVDHRWNQHGLGGDNFRGLCRDLHPGPVSLLHWSGKGKPWARLDGNRACPLDALWAPYDLLKTHFAIEV
uniprot	Clade9	GT8-GATL	GT8-GATL-1	tr|A0A2K3LE16|A0A2K3LE16_TRIPR	Trifolium pratense	57577	Streptophyta	Viridiplantae	340	58	315	VAMTLDTTYIRGSMAAILSILQHSSCPQNIFFHFVCSSNASNLHAAIITSFPYLKFHLYTFDDTTVTGLISTSIRSALDCPLNYARSYLPKLLPLSVNRVVYLDSDLILVDDIAKLAETPLGENSVLAAPEYCNANFTSYFTPSFWSNPSLSLTFANRKACYFNTGVMVIDLERWREGDYTRKIEDWMELQKRIRIYELGSLPPFLLVFAGNIAPVDHRWNQHGLGGDNFNGLCRNLHPGPVSLLHWSGKGKPWVRLD	MQSQPNPKPPFKFLIPIILFFLLLLLPSLSFSSSTQFKEAPEFYNSPQCPSTSKSVQVAMTLDTTYIRGSMAAILSILQHSSCPQNIFFHFVCSSNASNLHAAIITSFPYLKFHLYTFDDTTVTGLISTSIRSALDCPLNYARSYLPKLLPLSVNRVVYLDSDLILVDDIAKLAETPLGENSVLAAPEYCNANFTSYFTPSFWSNPSLSLTFANRKACYFNTGVMVIDLERWREGDYTRKIEDWMELQKRIRIYELGSLPPFLLVFAGNIAPVDHRWNQHGLGGDNFNGLCRNLHPGPVSLLHWSGKGKPWVRLDANRPCPLDALWAPYDLLQTPFFLDS
uniprot	Clade9	GT8-GATL	GT8-GATL-1	tr|A0A2H5NHK6|A0A2H5NHK6_CITUN	Citrus unshiu	55188	Streptophyta	Viridiplantae	354	70	330	HVAMTLDSAYIRGSMAAILSVLQHSSCPQNIAFHFVTSAKANASLLRATISTSFPYLKFRVHPFDDSSVSGLISTSIRSALDCPLNYARSYLANLLPLCVRRVVYLDSDLVLVDDIAKLAATDLGNSSVLAAPEYCNANFTSYFTPTFWSNHALSLTFANRKACYFNTGVMVIDLDRWRAGDYTTKIEEWMELQKRMRIYELGSLPPFLLVFAGNIAPVDHRWNQHGLGGDNFRGLCRDLHPGPVSLLHWSGKGKPWARLD	MPLHQCLFILWLIALVLGLATTANATTTISQRFKEAPQFYNSPDCPSISSIEFELDEGEEHIFCSDEAVHVAMTLDSAYIRGSMAAILSVLQHSSCPQNIAFHFVTSAKANASLLRATISTSFPYLKFRVHPFDDSSVSGLISTSIRSALDCPLNYARSYLANLLPLCVRRVVYLDSDLVLVDDIAKLAATDLGNSSVLAAPEYCNANFTSYFTPTFWSNHALSLTFANRKACYFNTGVMVIDLDRWRAGDYTTKIEEWMELQKRMRIYELGSLPPFLLVFAGNIAPVDHRWNQHGLGGDNFRGLCRDLHPGPVSLLHWSGKGKPWARLDANRPCPLDALWAPYDLLHTPFALD
uniprot	Clade9	GT8-GATL	GT8-GATL-1	tr|A0A2P5FZE5|A0A2P5FZE5_9ROSA	Trema orientalis	63057	Streptophyta	Viridiplantae	364	79	339	HVAMTLDTAYIRGSMAAILSVLQHSSCPQNVLFHFVASASANSSHLRATLSSSFPYLKFQIYPFDDSAVSGLISTSIRSALDCPLNYARSYLADLLPLCVRRVVYLDSDLILVDDIAKLAATELGETSVLAAPEYCNANFTSYFTPTFWSNPSLSLTFAGRKPCYFNTGVMVIDLDRWRGGDHTSKIEDWMELQKRMRIYELGSLPPFLLVFAGNIAPVDHRWNQHGLGGDNFRGLCRDLHPGPVSLLHWSGKGKPWARLD	MSKPLILLLIPFLFFFSNSFLTSTAAAAAAENVFGQQFREAPQFYNSPDCHPVAGNAEDDGEVDPDENDNPMCSDHAVHVAMTLDTAYIRGSMAAILSVLQHSSCPQNVLFHFVASASANSSHLRATLSSSFPYLKFQIYPFDDSAVSGLISTSIRSALDCPLNYARSYLADLLPLCVRRVVYLDSDLILVDDIAKLAATELGETSVLAAPEYCNANFTSYFTPTFWSNPSLSLTFAGRKPCYFNTGVMVIDLDRWRGGDHTSKIEDWMELQKRMRIYELGSLPPFLLVFAGNIAPVDHRWNQHGLGGDNFRGLCRDLHPGPVSLLHWSGKGKPWARLDANRPCPLDALWAPYDLLQTPFALDS
uniprot	Clade9	GT8-GATL	GT8-GATL-1	tr|A0A2P5AIS0|A0A2P5AIS0_PARAD	Parasponia andersonii	3476	Streptophyta	Viridiplantae	360	75	335	HVAMTLDTAYIRGSMAAILSVLQHSSCPQNVLFHFVASASANSSHLRATVSSSFPYLKFQIYPFDDSAVSGLISTSIRSALDCPLNYARSYLADLLPLCVRRVVYLDSDLILVDDIAKLAATELGETSVLAAPEYCNANFTSYFTPTFWSNPSLSLTFSGRKPCYFNTGVMVINLDRWRGGDHTSKIEEWMELQKRMRIYELGSLPPFLLVFAGNIAPVDHRWNQHGLGGDNFRGLCRDLHPGPVSLLHWSGKGKPWARLD	MSKSLILLLIPFLFFSNSFLTSTAAAENVFGQQFREAPQFYNSPDCHPVAGNAEDDGEVDPDENDNPMCSDYAVHVAMTLDTAYIRGSMAAILSVLQHSSCPQNVLFHFVASASANSSHLRATVSSSFPYLKFQIYPFDDSAVSGLISTSIRSALDCPLNYARSYLADLLPLCVRRVVYLDSDLILVDDIAKLAATELGETSVLAAPEYCNANFTSYFTPTFWSNPSLSLTFSGRKPCYFNTGVMVINLDRWRGGDHTSKIEEWMELQKRMRIYELGSLPPFLLVFAGNIAPVDHRWNQHGLGGDNFRGLCRDLHPGPVSLLHWSGKGKPWARLDTNRPCPLDALWAPYDLLQIPFALDS
uniprot	Clade9	GT8-GATL	GT8-GATL-1	tr|A0A2P6PYG0|A0A2P6PYG0_ROSCH	Rosa chinensis	74649	Streptophyta	Viridiplantae	380	94	354	HVAMTLDTAYIRGSMAAILSVLQHSSCPQNVAFHFVASAAANASHLRATIASSFPYLTFQIYPFDDSHVSGLISTSIRSALDCPLNYARSYLANLLPLCVRRVVYLDSDLILVDDIAKLADIPLGDESTVLAAPEYCNANFTSYFTTTFWSNPSLSLTFADRKACYFNTGVMVIDLDRWRGGDYTAKIEEWMQLQKRMRIYELGSLPPFLLVFAGKIAPVEHRWNQHGLGGDNFRGLCRNLHPGSVSLLHWSGKGKPWARL	MPTPNPKLPLLFILSLILFPIHSCSTPTNVNTNTTAAAAAAAAHHFREAPQFYNSPDCPSITTVHDDDFDPDEEDDNNNNNHHHFMICSRQAVHVAMTLDTAYIRGSMAAILSVLQHSSCPQNVAFHFVASAAANASHLRATIASSFPYLTFQIYPFDDSHVSGLISTSIRSALDCPLNYARSYLANLLPLCVRRVVYLDSDLILVDDIAKLADIPLGDESTVLAAPEYCNANFTSYFTTTFWSNPSLSLTFADRKACYFNTGVMVIDLDRWRGGDYTAKIEEWMQLQKRMRIYELGSLPPFLLVFAGKIAPVEHRWNQHGLGGDNFRGLCRNLHPGSVSLLHWSGKGKPWARLEANRPCPLDALWAPYDLLETPFVLDS
uniprot	Clade9	GT8-GATL	GT8-GATL-1	tr|A0A2P5R150|A0A2P5R150_GOSBA	Gossypium barbadense	3634	Streptophyta	Viridiplantae	352	67	327	HVAMTLDTAYIRGLMAAILSILQHSSCPQNILFHFIASATANHQHFRYTISRAFPALVFQIYPYDSKAVSGLISTSIRSALDCPLNYARNYLPNLLPRCLRRVVYLDSDLVLVDDMAKLAATPLGDSSVLAAPEYCNANFTSYFTPTFWSNPTLSLTFSGRKACYFNTGVMVIDLQRWRAGDYTTKIVEWMELQKRMRIYELGSLPPFLLVFAGNIAPVDHRWNQHGLGGDNYRGLCRDLHPGPTSLLHWSGKGKPWARLD	MPKLALIPPHDHHRQLLLIFLLISATTAAPASATTNYQVFKEAPQFYNSPTCPSIHTNGMCCDQAVHVAMTLDTAYIRGLMAAILSILQHSSCPQNILFHFIASATANHQHFRYTISRAFPALVFQIYPYDSKAVSGLISTSIRSALDCPLNYARNYLPNLLPRCLRRVVYLDSDLVLVDDMAKLAATPLGDSSVLAAPEYCNANFTSYFTPTFWSNPTLSLTFSGRKACYFNTGVMVIDLQRWRAGDYTTKIVEWMELQKRMRIYELGSLPPFLLVFAGNIAPVDHRWNQHGLGGDNYRGLCRDLHPGPTSLLHWSGKGKPWARLDANRPCPLDAFWAPYDLLQTSSSLES
uniprot	Clade9	GT8-GATL	GT8-GATL-1	tr|A0A2P5VXM0|A0A2P5VXM0_GOSBA	Gossypium barbadense	3634	Streptophyta	Viridiplantae	354	69	329	HVAMTLDTAYIRGSMAAILSVLQHSSCPQNIAFHFVASATANATFLLATISSSFPYLNFRVYPFDDSSVSRLISTSIRSALDCPLNYARSYLANLLPPCVRRVVYLDSDLVLVDDIAKLAATPLGDDPVLAAPEHCNANFTTYFTPTFWSNPSLSLTFANRKPCYFNTGVMVIDLDRWREGDYTTKIEEWMELQKRIRIYELGSLPPFLLVFAGNIVPVDHRWNQHGLGGDNFRGLCRDLHPGPVSLLHWSGKGKPWARLD	MSKPPRFDLLIVLLFTVIALASNSVTATPITQQFKEAPQFYNSPDCAVLVDEDESDGEASILCSDQAVHVAMTLDTAYIRGSMAAILSVLQHSSCPQNIAFHFVASATANATFLLATISSSFPYLNFRVYPFDDSSVSRLISTSIRSALDCPLNYARSYLANLLPPCVRRVVYLDSDLVLVDDIAKLAATPLGDDPVLAAPEHCNANFTTYFTPTFWSNPSLSLTFANRKPCYFNTGVMVIDLDRWREGDYTTKIEEWMELQKRIRIYELGSLPPFLLVFAGNIVPVDHRWNQHGLGGDNFRGLCRDLHPGPVSLLHWSGKGKPWARLDANRPCPLDALWAPYDLLETPFALDS
uniprot	Clade9	GT8-GATL	GT8-GATL-1	tr|A0A2R6PZW4|A0A2R6PZW4_ACTCH	Actinidia chinensis var. chinensis	1590841	Streptophyta	Viridiplantae	347	62	322	HVAMTLDAAYIRGSMAAILSVLQHSSCPQNVVFHFVVSASANASVPRAAISAAFPYLKSRIYPFDDSAAAGLISTSIRSALDCPLNYARSYLPNLLPRCVSKVIYLDSDLVLVDDIAKLAATPLGAAAVLAAPEYCNANFTAYFTPTFWSNPSLSLTFANRKACYFNTGVMVIDLRRWRAGDYTTQIEEWMELQKRMRIYELGSLPPFLLVFSGNIAPVDHSWNQHGLGGDNFRGLCRDLHPGPVSLLHWSGKGKPWARLD	MMAKQSLLSLLLLLSLYITTLNAAAATHSLSQQFREAPEFYNSPDCPSIDTDNFICSEEAVHVAMTLDAAYIRGSMAAILSVLQHSSCPQNVVFHFVVSASANASVPRAAISAAFPYLKSRIYPFDDSAAAGLISTSIRSALDCPLNYARSYLPNLLPRCVSKVIYLDSDLVLVDDIAKLAATPLGAAAVLAAPEYCNANFTAYFTPTFWSNPSLSLTFANRKACYFNTGVMVIDLRRWRAGDYTTQIEEWMELQKRMRIYELGSLPPFLLVFSGNIAPVDHSWNQHGLGGDNFRGLCRDLHPGPVSLLHWSGKGKPWARLDAGRPCPLDALWAPYDLLKPPFEFDS
uniprot	Clade9	GT8-GATL	GT8-GATL-1	tr|A0A2R6R5V3|A0A2R6R5V3_ACTCH	Actinidia chinensis var. chinensis	1590841	Streptophyta	Viridiplantae	326	66	286	HVAMTLDAAYLRGSLAAILSVLQHSACPDNVHFYFVTSASDDIRHLHLTISKSFPSLPFPSLPNLRIRRRRGRLDSDLILVDDVAKLAATPLGATAVLAAPEYCNANFTSYFTPTFWSNPSLSLTFSNRNACYFNTVVMVIDLERWRLGDFTTNILEWMELQKRMRLYELESLPTFLLVFAGNIAPVDHRWNQHGLGGDNFQGLCRDLHPGPVSLLHWSGK	MNLGFTKMMPKPIAQILSLLLILPISATASQQFREAPQFYNSPHCPSLGGDTTTTNTTICSQKAVHVAMTLDAAYLRGSLAAILSVLQHSACPDNVHFYFVTSASDDIRHLHLTISKSFPSLPFPSLPNLRIRRRRGRLDSDLILVDDVAKLAATPLGATAVLAAPEYCNANFTSYFTPTFWSNPSLSLTFSNRNACYFNTVVMVIDLERWRLGDFTTNILEWMELQKRMRLYELESLPTFLLVFAGNIAPVDHRWNQHGLGGDNFQGLCRDLHPGPVSLLHWSGKGSRGPGSTQTGRVRWTLCGLLMICCKHLMFLNLKMFVLWE
uniprot	Clade9	GT8-GATL	GT8-GATL-1	tr|A0A2R6RMV8|A0A2R6RMV8_ACTCH	Actinidia chinensis var. chinensis	1590841	Streptophyta	Viridiplantae	350	65	325	HVAMTLDAAYIRGSMAAIFSVLQHSSCPQNVVFHFVVSASADASVPRAAISAAFPYLKSRIYPFDDSAAAGLISTSIRSALDCPLNYARSYLPNLLPSCVSKVVYLDSDLVLVDDIAKLAATPLGGDAVLAAPEYCNANFTAYFTPTFWSNPSLSLTFADRKACYFNTGVMVIDLLRWRSGGYTTIIEEWMELQKRMRIYELGSLPPFLLVFSGNIAPVDHRWNQHGLGGDNFRGLCRDLHPGPVSLLHWSGKGKPWARLD	MMPKPPPPPLSLLLLFSLYITTLHATAASILSLSQKFREAPEFYNSPDCPSVDTDNFICSDVAVHVAMTLDAAYIRGSMAAIFSVLQHSSCPQNVVFHFVVSASADASVPRAAISAAFPYLKSRIYPFDDSAAAGLISTSIRSALDCPLNYARSYLPNLLPSCVSKVVYLDSDLVLVDDIAKLAATPLGGDAVLAAPEYCNANFTAYFTPTFWSNPSLSLTFADRKACYFNTGVMVIDLLRWRSGGYTTIIEEWMELQKRMRIYELGSLPPFLLVFSGNIAPVDHRWNQHGLGGDNFRGLCRDLHPGPVSLLHWSGKGKPWARLDAGRPCPLDALWAPYDLLKPPFEFDS
uniprot	Clade9	GT8-GATL	GT8-GATL-1	tr|A0A2R6S2G2|A0A2R6S2G2_ACTCH	Actinidia chinensis var. chinensis	1590841	Streptophyta	Viridiplantae	345	61	321	HVAMTLDAAYLRGSLAAILSVLQHSACPENVRFHFVASGSADTRRLHLTISKSFPYLSFQIYELDDATVAGLISTSIRAALDCPLNYARNYLADLLPNCVKKVVYLDSDLILVDDVSKLAATPLGTTAVLAAPEYCNANFTSYFTLTFWSNPSLSLTFSNRNACYFNTGVMVMDLERWRWGDFTTKIVEWMELQKRMRLYELGSLPPFLLVFAGNIAPVDHRWNQHGLGGDNFRGLCRDLHPGPVSLLHWSGKGKPWARLD	MPKPITQILSLLLILPIAATASQQFREAPQFYNSPKCPSLGGDTTNATHSDSSICSQNAVHVAMTLDAAYLRGSLAAILSVLQHSACPENVRFHFVASGSADTRRLHLTISKSFPYLSFQIYELDDATVAGLISTSIRAALDCPLNYARNYLADLLPNCVKKVVYLDSDLILVDDVSKLAATPLGTTAVLAAPEYCNANFTSYFTLTFWSNPSLSLTFSNRNACYFNTGVMVMDLERWRWGDFTTKIVEWMELQKRMRLYELGSLPPFLLVFAGNIAPVDHRWNQHGLGGDNFRGLCRDLHPGPVSLLHWSGKGKPWARLDANRPCPLDALWAPYDLLQTPYVLE
uniprot	Clade9	GT8-GATL	GT8-GATL-1	tr|A0A103XWV0|A0A103XWV0_CYNCS	Cynara cardunculus var. scolymus	59895	Streptophyta	Viridiplantae	314	70	313	HVAMTLDATYIRGSMAAIFSVLQHSSCPQNIVFHFVTSASSDASLLRATISTSFPYLKFKLYPFNDYFVAGLISTSIRSALDCPLNYARSYLANILPLHVRKVVYLDSDLVLVDDIAKLASTPLGDDSVLAAPEYCNANFTFYFTPTFWSNPSLSLTFANRKACYFNTGVMVIDLDRWRTGDYTRKIEEWMELQKRMRIYELGSLPPFLLVFAGNIAPVDHRWNQHGLGGDNFRGLCRDLHPGP	MLRHKPPLSSLLLPFLLLFSAAATTTSISKQFKEAPKFYNAPECPQTHIDTDDVDRQTDTLDTDPDSAVHVAMTLDATYIRGSMAAIFSVLQHSSCPQNIVFHFVTSASSDASLLRATISTSFPYLKFKLYPFNDYFVAGLISTSIRSALDCPLNYARSYLANILPLHVRKVVYLDSDLVLVDDIAKLASTPLGDDSVLAAPEYCNANFTFYFTPTFWSNPSLSLTFANRKACYFNTGVMVIDLDRWRTGDYTRKIEEWMELQKRMRIYELGSLPPFLLVFAGNIAPVDHRWNQHGLGGDNFRGLCRDLHPGPM
uniprot	Clade9	GT8-GAUT	GT8-GATL-1	tr|B7PBG6|B7PBG6_IXOSC	Ixodes scapularis	6945	Ecdysozoa	Metazoa	304	7	283	VHVAVVTSNAKLGGAVALMASVAHNTARPVSFHLVTDNATQYHVHAWMHDPRLSGLSYEVVTFPQTALVSPDLVGLLQVSRGPLPFAKLYLARLLPSVAGTLVVLDDDVIVQGDVAELAALPLPKGAVGLFSRDCDTFSRRYNTAGSRYEQYVEARRPSLQALGISATDCVLNLGVFVVDLAEWSRLNVTESAEAWMRLNIKEKLFKQEGPVPALLLALHNKTATLDPQWHVRNLGVTAGTQYSRLFVSSAKLLHWSGRFKPWSSRSPYADIWHRYF	GEVREHVHVAVVTSNAKLGGAVALMASVAHNTARPVSFHLVTDNATQYHVHAWMHDPRLSGLSYEVVTFPQTALVSPDLVGLLQVSRGPLPFAKLYLARLLPSVAGTLVVLDDDVIVQGDVAELAALPLPKGAVGLFSRDCDTFSRRYNTAGSRYEQYVEARRPSLQALGISATDCVLNLGVFVVDLAEWSRLNVTESAEAWMRLNIKEKLFKQEGPVPALLLALHNKTATLDPQWHVRNLGVTAGTQYSRLFVSSAKLLHWSGRFKPWSSRSPYADIWHRYFVPDPTGRFRPASKSKHRRGTT
uniprot	Clade9	GT8-GAUT	GT8-GATL-1	tr|A0A1S3IZA2|A0A1S3IZA2_LINUN	Lingula unguis	7574	Lophotrochozoa	Metazoa	372	75	356	HVLLTADSAMLGGMIAAVNSIHLNAKCPVKFHLVTTTDCAKHLRTWIQATSLSKIDYELLVFNKRLVTGMIKLRGGREELSRPIVYARFFVPTLLPDLQGRVVYVDSDVIVQGDIGELNKTRIRRGHAVAVSEDCNSVSKRFSHIQNNYQNYINFKNPSIKRLKMSPLACSFNPGVFAMDITTWKQTNMTLKIQHWLQLNTWQEVYGTGIAGGAAQPPMMIALYKRFSLLNPMWNVRHLGMRYKKMYSDQFISRAKLIHWDGPTKPWDGGAQFSKIWDKYYI	MVACKMLFPRITPRRVALCLVVATAIAILYVWNPGAKKTRPLKRSFPQIIDETSTKHSPGGSKLLLGNCTGQPTHVLLTADSAMLGGMIAAVNSIHLNAKCPVKFHLVTTTDCAKHLRTWIQATSLSKIDYELLVFNKRLVTGMIKLRGGREELSRPIVYARFFVPTLLPDLQGRVVYVDSDVIVQGDIGELNKTRIRRGHAVAVSEDCNSVSKRFSHIQNNYQNYINFKNPSIKRLKMSPLACSFNPGVFAMDITTWKQTNMTLKIQHWLQLNTWQEVYGTGIAGGAAQPPMMIALYKRFSLLNPMWNVRHLGMRYKKMYSDQFISRAKLIHWDGPTKPWDGGAQFSKIWDKYYIPDPTGQFKVARRYGTV
uniprot	Clade9	GT8-GAUT	GT8-GATL-1	tr|A0A1Q9DTG0|A0A1Q9DTG0_SYMMI	Symbiodinium microadriaticum	2951	UnknownProtist	Protista	356	65	350	IHVVYSADGDVVPGLKASIASCIASSASPSELVIHVMVQSKHLERLRRELSIESTQRITSAGAVISLHEIPTTVVEADRGKIPIRIRQERGELDDPEVYARIYMDKIIPQMEFAVWLDADTIVQKDVKELQKRLQQSGKTIGFVSRSTKMYPNFLTGKCAPELDVSWSKLKNLTAYNTGVFAVNLERWAAVKAAARIEKLVRLQNSCPGGLWKGGSQPPLTLAFQLHDPNHSDDFIVFEKEWNALGFGLDQKNKDETGQLHILHWNGMRKPWKSNGYNKAIWEPYY	MMQRSVVCIVVLCAGLAGAVPARFTVDADGVPGSAEMLSGPGRPEHVMRRQLLEHRSEKSSAGKIHVVYSADGDVVPGLKASIASCIASSASPSELVIHVMVQSKHLERLRRELSIESTQRITSAGAVISLHEIPTTVVEADRGKIPIRIRQERGELDDPEVYARIYMDKIIPQMEFAVWLDADTIVQKDVKELQKRLQQSGKTIGFVSRSTKMYPNFLTGKCAPELDVSWSKLKNLTAYNTGVFAVNLERWAAVKAAARIEKLVRLQNSCPGGLWKGGSQPPLTLAFQLHDPNHSDDFIVFEKEWNALGFGLDQKNKDETGQLHILHWNGMRKPWKSNGYNKAIWEPYYRRYDHL
